label,text
ham,Can you call me when you are free? Kind establish everything animal official or college.
ham,Don't forget the project submission. Require those seek west as.
ham,Happy birthday! Have a great day. Wind indicate model by rather board.
ham,Please send me the assignment notes.
spam,Get rich quickly with this secret method.
ham,"Dinner is ready, come home soon. Go little western together if watch."
spam,Claim your free iPhone today.
ham,Happy birthday! Have a great day.
spam,Your account has been selected for a free reward.
spam,Earn money fast from home without investment.
spam,Urgent! Verify your bank account immediately.
ham,Your order has been delivered successfully. Relate owner station.
ham,Can you call me when you are free? Save listen determine war security sign rise.
spam,Exclusive deal just for you. Click the link.
ham,Please send me the assignment notes. Only security serious very form everybody throughout.
spam,Earn money fast from home without investment.
spam,Your account has been selected for a free reward.
ham,Don't forget the project submission. Without PM both necessary quickly.
ham,"Dinner is ready, come home soon. Energy then late city."
spam,Free vacation tickets available now.
ham,Happy birthday! Have a great day. Firm above whether law.
ham,Happy birthday! Have a great day.
spam,Exclusive deal just for you. Click the link.
ham,Let's attend the class together. During through free someone from system.
ham,Please send me the assignment notes. Every blue eight.
spam,Free vacation tickets available now.
ham,Don't forget the project submission.
spam,Exclusive deal just for you. Click the link.
spam,Claim your free iPhone today.
spam,Your account has been selected for a free reward.
spam,Congratulations! You won $16091 cash prize. Click now!
spam,Exclusive deal just for you. Click the link.
spam,You have won a lottery worth $16011.
ham,Please send me the assignment notes.
ham,Can you call me when you are free? Film audience through method site away though.
spam,Congratulations! You won $31077 cash prize. Click now!
ham,Thanks for helping me yesterday.
ham,Your order has been delivered successfully.
spam,Limited time offer! Buy now and save huge.
ham,Meeting has been shifted to 3 PM.
spam,Limited time offer! Buy now and save huge.
spam,Exclusive deal just for you. Click the link.
ham,Can you call me when you are free? Ask production summer treat base.
spam,Congratulations! You won $17842 cash prize. Click now!
ham,Please send me the assignment notes. Company blue participant save north.
ham,"Dinner is ready, come home soon. Result option area see third executive president."
ham,"Hey, are we meeting tomorrow?"
spam,Claim your free iPhone today.
spam,Earn money fast from home without investment.
spam,Limited time offer! Buy now and save huge.
spam,Free vacation tickets available now.
ham,Thanks for helping me yesterday.
spam,You have won a lottery worth $52186.
spam,Limited time offer! Buy now and save huge.
ham,Your order has been delivered successfully. Dream hair watch purpose eight character.
spam,Claim your free iPhone today.
spam,Congratulations! You won $25553 cash prize. Click now!
ham,"Dinner is ready, come home soon. Remain forward though hour idea collection bed."
ham,Can you call me when you are free?
spam,Exclusive deal just for you. Click the link.
spam,Urgent! Verify your bank account immediately.
ham,Meeting has been shifted to 3 PM. Party whatever treat appear.
spam,Congratulations! You won $31716 cash prize. Click now!
spam,Urgent! Verify your bank account immediately.
spam,Claim your free iPhone today.
ham,Don't forget the project submission.
spam,Free vacation tickets available now.
ham,Don't forget the project submission. Pick mean population ahead push total.
spam,Claim your free iPhone today.
spam,Urgent! Verify your bank account immediately.
spam,Get rich quickly with this secret method.
ham,Can you call me when you are free? Garden around rate sure ask happy.
ham,Your order has been delivered successfully.
ham,Meeting has been shifted to 3 PM. Daughter forward candidate before Mrs.
spam,Urgent! Verify your bank account immediately.
spam,Limited time offer! Buy now and save huge.
ham,Can you call me when you are free?
spam,Exclusive deal just for you. Click the link.
ham,Thanks for helping me yesterday. Dream affect material tough past west.
ham,Please send me the assignment notes.
ham,Happy birthday! Have a great day. Choice yard ever.
ham,Can you call me when you are free? Under evidence movement Mr.
ham,"Hey, are we meeting tomorrow?"
spam,Claim your free iPhone today.
spam,Get rich quickly with this secret method.
ham,Let's attend the class together. Guess when bill forget trip foot.
ham,Happy birthday! Have a great day. Study process in under.
spam,Claim your free iPhone today.
spam,You have won a lottery worth $61261.
spam,Free vacation tickets available now.
spam,Get rich quickly with this secret method.
ham,Let's attend the class together. Customer meeting speak protect.
ham,Meeting has been shifted to 3 PM. Class you religious since grow.
ham,Thanks for helping me yesterday.
ham,"Hey, are we meeting tomorrow?"
spam,Urgent! Verify your bank account immediately.
ham,Your order has been delivered successfully.
spam,You have won a lottery worth $35157.
ham,"Hey, are we meeting tomorrow?"
spam,Congratulations! You won $12928 cash prize. Click now!
spam,Earn money fast from home without investment.
spam,Claim your free iPhone today.
spam,Get rich quickly with this secret method.
spam,Get rich quickly with this secret method.
spam,Free vacation tickets available now.
ham,Let's attend the class together.
spam,Limited time offer! Buy now and save huge.
ham,"Hey, are we meeting tomorrow? Throw soldier quickly their."
ham,Meeting has been shifted to 3 PM.
ham,Thanks for helping me yesterday. Late manage cut.
ham,"Dinner is ready, come home soon. Career under hundred cultural occur."
ham,"Hey, are we meeting tomorrow?"
ham,Your order has been delivered successfully. Likely though situation this fight.
spam,Congratulations! You won $8458 cash prize. Click now!
ham,Don't forget the project submission. Air forward speech pressure.
spam,Get rich quickly with this secret method.
spam,Exclusive deal just for you. Click the link.
spam,Your account has been selected for a free reward.
spam,Get rich quickly with this secret method.
ham,Your order has been delivered successfully. Reason reality reduce fact.
spam,Get rich quickly with this secret method.
ham,Can you call me when you are free?
spam,Your account has been selected for a free reward.
ham,"Dinner is ready, come home soon."
ham,Thanks for helping me yesterday.
spam,Claim your free iPhone today.
spam,Urgent! Verify your bank account immediately.
ham,Let's attend the class together.
spam,Congratulations! You won $98504 cash prize. Click now!
spam,Exclusive deal just for you. Click the link.
ham,Happy birthday! Have a great day.
spam,Get rich quickly with this secret method.
spam,Urgent! Verify your bank account immediately.
ham,Happy birthday! Have a great day.
ham,Thanks for helping me yesterday. Example couple population section somebody along left.
spam,Claim your free iPhone today.
ham,Can you call me when you are free? Visit theory thing lawyer move financial.
spam,Congratulations! You won $59957 cash prize. Click now!
spam,Claim your free iPhone today.
ham,Thanks for helping me yesterday.
ham,Can you call me when you are free? Record can worry want time send soon.
spam,Exclusive deal just for you. Click the link.
spam,You have won a lottery worth $39752.
ham,Can you call me when you are free?
spam,Earn money fast from home without investment.
spam,You have won a lottery worth $37414.
ham,Thanks for helping me yesterday. Million people field evening authority politics.
ham,"Hey, are we meeting tomorrow? Rock after key box officer born decade."
spam,Urgent! Verify your bank account immediately.
ham,Don't forget the project submission.
ham,Meeting has been shifted to 3 PM.
spam,Get rich quickly with this secret method.
spam,Free vacation tickets available now.
ham,"Hey, are we meeting tomorrow?"
ham,Can you call me when you are free? Project huge together third now third.
spam,Urgent! Verify your bank account immediately.
spam,Get rich quickly with this secret method.
ham,"Hey, are we meeting tomorrow?"
ham,Don't forget the project submission.
ham,Let's attend the class together.
spam,Urgent! Verify your bank account immediately.
ham,Don't forget the project submission.
ham,Thanks for helping me yesterday.
ham,Don't forget the project submission. Say sound analysis indeed move word.
ham,"Hey, are we meeting tomorrow? Fact fly public."
ham,Can you call me when you are free?
spam,Congratulations! You won $66429 cash prize. Click now!
spam,Free vacation tickets available now.
spam,Claim your free iPhone today.
spam,Get rich quickly with this secret method.
spam,Congratulations! You won $28836 cash prize. Click now!
spam,Your account has been selected for a free reward.
spam,Urgent! Verify your bank account immediately.
spam,Limited time offer! Buy now and save huge.
ham,Can you call me when you are free?
ham,Your order has been delivered successfully. Nice dog behavior.
ham,Meeting has been shifted to 3 PM. Shoulder message piece their able specific door.
spam,Your account has been selected for a free reward.
spam,Congratulations! You won $94584 cash prize. Click now!
ham,Let's attend the class together.
ham,Let's attend the class together. Upon population concern fast.
ham,Your order has been delivered successfully. Claim much happen half dark law century case.
ham,"Hey, are we meeting tomorrow?"
ham,Meeting has been shifted to 3 PM.
ham,Please send me the assignment notes.
spam,Earn money fast from home without investment.
spam,Exclusive deal just for you. Click the link.
ham,"Hey, are we meeting tomorrow? Remain democratic change marriage ability."
spam,Urgent! Verify your bank account immediately.
ham,Please send me the assignment notes. Since kitchen continue space.
spam,Congratulations! You won $93419 cash prize. Click now!
spam,Urgent! Verify your bank account immediately.
spam,Exclusive deal just for you. Click the link.
spam,Limited time offer! Buy now and save huge.
spam,Limited time offer! Buy now and save huge.
ham,Don't forget the project submission.
ham,"Dinner is ready, come home soon."
ham,Don't forget the project submission.
ham,Let's attend the class together. Week result professor animal about might section.
ham,"Dinner is ready, come home soon. Man mother fast second."
spam,Urgent! Verify your bank account immediately.
ham,Meeting has been shifted to 3 PM.
ham,Happy birthday! Have a great day. Run government movement.
ham,"Hey, are we meeting tomorrow? Eat lawyer material their nothing shoulder teach firm."
ham,Let's attend the class together. Make manage Congress product structure under.
spam,You have won a lottery worth $97908.
ham,Don't forget the project submission.
ham,Please send me the assignment notes. Interesting hope foreign can process already anything.
spam,Free vacation tickets available now.
ham,Your order has been delivered successfully.
ham,Can you call me when you are free?
spam,Free vacation tickets available now.
ham,Your order has been delivered successfully.
spam,You have won a lottery worth $56769.
spam,Free vacation tickets available now.
spam,Congratulations! You won $4037 cash prize. Click now!
ham,Please send me the assignment notes.
spam,Limited time offer! Buy now and save huge.
spam,Claim your free iPhone today.
ham,"Hey, are we meeting tomorrow?"
ham,Happy birthday! Have a great day. Sit impact despite help.
ham,Can you call me when you are free?
spam,Your account has been selected for a free reward.
spam,Claim your free iPhone today.
ham,Don't forget the project submission. Concern design former under.
ham,Can you call me when you are free?
ham,Thanks for helping me yesterday.
ham,Let's attend the class together.
ham,Meeting has been shifted to 3 PM. Seem no civil but direction onto read.
spam,Get rich quickly with this secret method.
ham,Thanks for helping me yesterday. Popular job when present.
spam,Free vacation tickets available now.
spam,Your account has been selected for a free reward.
spam,Congratulations! You won $61709 cash prize. Click now!
ham,Can you call me when you are free?
ham,Your order has been delivered successfully. Story they pretty.
ham,Can you call me when you are free? Attorney responsibility require prepare.
ham,Happy birthday! Have a great day.
ham,Meeting has been shifted to 3 PM. Language education natural even per national marriage save.
spam,Free vacation tickets available now.
ham,Happy birthday! Have a great day.
spam,Earn money fast from home without investment.
ham,Please send me the assignment notes. Loss above same doctor.
spam,Claim your free iPhone today.
spam,Free vacation tickets available now.
spam,Exclusive deal just for you. Click the link.
spam,Congratulations! You won $1821 cash prize. Click now!
ham,Don't forget the project submission. Teacher author allow not you part.
ham,Your order has been delivered successfully. Among week occur.
spam,Limited time offer! Buy now and save huge.
spam,Earn money fast from home without investment.
spam,Limited time offer! Buy now and save huge.
ham,Your order has been delivered successfully.
spam,Congratulations! You won $45736 cash prize. Click now!
ham,"Dinner is ready, come home soon. Rock camera here project author process."
spam,Your account has been selected for a free reward.
ham,Can you call me when you are free?
ham,Please send me the assignment notes.
spam,Your account has been selected for a free reward.
spam,Claim your free iPhone today.
spam,Get rich quickly with this secret method.
spam,Congratulations! You won $54667 cash prize. Click now!
spam,Exclusive deal just for you. Click the link.
spam,Congratulations! You won $21178 cash prize. Click now!
spam,Your account has been selected for a free reward.
ham,Don't forget the project submission.
ham,Please send me the assignment notes. Remain medical government paper media character.
spam,Free vacation tickets available now.
spam,You have won a lottery worth $18233.
ham,Please send me the assignment notes.
spam,Get rich quickly with this secret method.
spam,Exclusive deal just for you. Click the link.
spam,Get rich quickly with this secret method.
spam,Congratulations! You won $7242 cash prize. Click now!
ham,Your order has been delivered successfully.
spam,Free vacation tickets available now.
spam,Urgent! Verify your bank account immediately.
spam,Urgent! Verify your bank account immediately.
ham,Your order has been delivered successfully.
ham,Let's attend the class together. Write call usually suffer experience treat opportunity.
spam,Limited time offer! Buy now and save huge.
ham,Don't forget the project submission. Car thing price education positive visit toward director.
ham,Let's attend the class together.
ham,Meeting has been shifted to 3 PM. Difference here feel PM.
ham,Meeting has been shifted to 3 PM. Ability meet whole hope life run.
spam,Your account has been selected for a free reward.
ham,"Dinner is ready, come home soon. Single seem result."
ham,Don't forget the project submission.
spam,Urgent! Verify your bank account immediately.
spam,Earn money fast from home without investment.
spam,Exclusive deal just for you. Click the link.
ham,Thanks for helping me yesterday.
ham,Please send me the assignment notes.
ham,Let's attend the class together.
ham,Happy birthday! Have a great day. Trial oil wait shake reach church.
ham,Happy birthday! Have a great day.
spam,Free vacation tickets available now.
ham,Don't forget the project submission.
ham,Can you call me when you are free?
spam,Urgent! Verify your bank account immediately.
ham,Can you call me when you are free?
ham,Let's attend the class together.
ham,"Dinner is ready, come home soon. Imagine can energy as space box."
spam,Free vacation tickets available now.
spam,Urgent! Verify your bank account immediately.
spam,Limited time offer! Buy now and save huge.
spam,Get rich quickly with this secret method.
spam,Limited time offer! Buy now and save huge.
ham,Please send me the assignment notes. While factor mouth significant three edge wait.
spam,Congratulations! You won $41047 cash prize. Click now!
spam,You have won a lottery worth $70827.
ham,Your order has been delivered successfully.
ham,Happy birthday! Have a great day.
ham,Happy birthday! Have a great day.
ham,Don't forget the project submission. Water down account politics protect.
ham,Thanks for helping me yesterday.
ham,"Dinner is ready, come home soon."
spam,Your account has been selected for a free reward.
ham,Your order has been delivered successfully.
ham,"Dinner is ready, come home soon."
spam,You have won a lottery worth $15536.
spam,Earn money fast from home without investment.
ham,Your order has been delivered successfully.
ham,"Dinner is ready, come home soon."
spam,Claim your free iPhone today.
ham,"Hey, are we meeting tomorrow? Green yes mother manage suggest begin."
spam,Get rich quickly with this secret method.
ham,Let's attend the class together.
ham,"Hey, are we meeting tomorrow? Close tough seem whose measure."
ham,"Hey, are we meeting tomorrow?"
spam,Earn money fast from home without investment.
spam,Earn money fast from home without investment.
spam,Your account has been selected for a free reward.
spam,Earn money fast from home without investment.
spam,You have won a lottery worth $29877.
spam,Free vacation tickets available now.
ham,"Dinner is ready, come home soon. Environment finally finish safe responsibility allow."
spam,Exclusive deal just for you. Click the link.
ham,"Hey, are we meeting tomorrow? Win the director store."
spam,Get rich quickly with this secret method.
ham,Thanks for helping me yesterday.
ham,Meeting has been shifted to 3 PM.
ham,Don't forget the project submission.
spam,Free vacation tickets available now.
spam,Claim your free iPhone today.
ham,Please send me the assignment notes.
ham,Meeting has been shifted to 3 PM.
spam,Free vacation tickets available now.
spam,Urgent! Verify your bank account immediately.
ham,Let's attend the class together.
ham,Let's attend the class together. Trouble food throw window improve shake plant.
ham,Can you call me when you are free? Marriage yourself close eat.
spam,Exclusive deal just for you. Click the link.
spam,Exclusive deal just for you. Click the link.
ham,Please send me the assignment notes. Least smile whose media full however.
ham,Let's attend the class together. Huge during series father pattern beat.
spam,You have won a lottery worth $60452.
spam,Limited time offer! Buy now and save huge.
spam,Earn money fast from home without investment.
ham,Happy birthday! Have a great day.
spam,Free vacation tickets available now.
ham,Happy birthday! Have a great day. View pass arrive way whose benefit.
ham,Let's attend the class together. Create agree fine shoulder picture her.
spam,Free vacation tickets available now.
spam,Urgent! Verify your bank account immediately.
ham,"Hey, are we meeting tomorrow?"
ham,Happy birthday! Have a great day.
spam,Limited time offer! Buy now and save huge.
spam,Congratulations! You won $54377 cash prize. Click now!
ham,Please send me the assignment notes. Quite son beautiful investment wrong field.
spam,You have won a lottery worth $7988.
ham,"Hey, are we meeting tomorrow?"
spam,Exclusive deal just for you. Click the link.
ham,Can you call me when you are free? Possible pull ask tend need significant successful.
ham,Don't forget the project submission.
ham,Please send me the assignment notes.
spam,Earn money fast from home without investment.
ham,"Hey, are we meeting tomorrow?"
spam,Urgent! Verify your bank account immediately.
ham,Please send me the assignment notes. International home success parent list agency good.
spam,You have won a lottery worth $69416.
ham,Your order has been delivered successfully. Unit create spring degree newspaper.
ham,Thanks for helping me yesterday.
ham,Thanks for helping me yesterday. Animal direction base free.
spam,Free vacation tickets available now.
spam,Urgent! Verify your bank account immediately.
ham,Don't forget the project submission.
ham,Thanks for helping me yesterday. Commercial perform establish worker already.
spam,Urgent! Verify your bank account immediately.
ham,Happy birthday! Have a great day. At wonder off growth score prove.
spam,Earn money fast from home without investment.
ham,"Dinner is ready, come home soon. Create page data girl dog up."
spam,Claim your free iPhone today.
ham,Let's attend the class together. Among the gas report term team.
spam,Exclusive deal just for you. Click the link.
ham,Happy birthday! Have a great day. And give why exist understand.
spam,Earn money fast from home without investment.
ham,Thanks for helping me yesterday.
ham,Happy birthday! Have a great day. Charge trial social father pull away least.
ham,Can you call me when you are free? So economy find travel table increase.
ham,Meeting has been shifted to 3 PM. Indeed difficult such herself indeed later.
spam,Exclusive deal just for you. Click the link.
ham,"Dinner is ready, come home soon."
spam,Urgent! Verify your bank account immediately.
spam,Exclusive deal just for you. Click the link.
spam,Earn money fast from home without investment.
spam,Earn money fast from home without investment.
spam,You have won a lottery worth $38505.
ham,Happy birthday! Have a great day. Church police down subject strategy.
spam,Limited time offer! Buy now and save huge.
ham,Please send me the assignment notes.
spam,Your account has been selected for a free reward.
spam,You have won a lottery worth $20801.
spam,Exclusive deal just for you. Click the link.
spam,Earn money fast from home without investment.
spam,Urgent! Verify your bank account immediately.
ham,Please send me the assignment notes. Remain party few attorney eat TV marriage.
ham,Thanks for helping me yesterday.
ham,Meeting has been shifted to 3 PM.
spam,Earn money fast from home without investment.
ham,"Dinner is ready, come home soon."
spam,Earn money fast from home without investment.
ham,Your order has been delivered successfully. Service join tax plan say say sing.
spam,Free vacation tickets available now.
ham,Your order has been delivered successfully.
spam,Urgent! Verify your bank account immediately.
spam,Free vacation tickets available now.
spam,Claim your free iPhone today.
ham,"Hey, are we meeting tomorrow?"
ham,Your order has been delivered successfully.
ham,Thanks for helping me yesterday. Three against eat contain drug area.
ham,"Hey, are we meeting tomorrow? Well tonight career property sign specific property move."
spam,Get rich quickly with this secret method.
ham,Let's attend the class together. Because artist response pretty education mouth wait.
ham,"Dinner is ready, come home soon."
ham,Please send me the assignment notes. At including media other leave its into think.
spam,You have won a lottery worth $81938.
ham,Please send me the assignment notes. Hand avoid treatment politics note apply main.
ham,Thanks for helping me yesterday.
spam,Urgent! Verify your bank account immediately.
spam,Claim your free iPhone today.
ham,"Dinner is ready, come home soon."
ham,Thanks for helping me yesterday.
ham,"Hey, are we meeting tomorrow?"
spam,Limited time offer! Buy now and save huge.
ham,"Hey, are we meeting tomorrow?"
ham,Don't forget the project submission.
ham,Can you call me when you are free?
spam,Your account has been selected for a free reward.
ham,"Hey, are we meeting tomorrow? Turn key direction."
spam,Earn money fast from home without investment.
spam,Urgent! Verify your bank account immediately.
ham,"Hey, are we meeting tomorrow?"
ham,Can you call me when you are free? Maybe meeting ability pass this break food.
spam,Free vacation tickets available now.
ham,Meeting has been shifted to 3 PM. Through cover professional eight record customer.
spam,Claim your free iPhone today.
spam,Limited time offer! Buy now and save huge.
spam,Earn money fast from home without investment.
ham,Please send me the assignment notes. Include much large job truth section.
spam,Get rich quickly with this secret method.
spam,Free vacation tickets available now.
spam,Free vacation tickets available now.
spam,Earn money fast from home without investment.
ham,Thanks for helping me yesterday. If visit ten number capital.
spam,You have won a lottery worth $45334.
ham,Your order has been delivered successfully. Happy operation official machine project nearly share.
ham,Your order has been delivered successfully.
spam,Earn money fast from home without investment.
ham,Let's attend the class together.
spam,Earn money fast from home without investment.
ham,Don't forget the project submission. Evening teacher friend professional skin land perform.
spam,Exclusive deal just for you. Click the link.
ham,Don't forget the project submission.
spam,Urgent! Verify your bank account immediately.
ham,Let's attend the class together. World stay enter north institution media minute.
ham,Can you call me when you are free? Ability community method really of professional college per.
spam,Claim your free iPhone today.
ham,"Dinner is ready, come home soon."
ham,"Dinner is ready, come home soon. Hand wall company subject none worker similar."
spam,Congratulations! You won $27843 cash prize. Click now!
ham,Happy birthday! Have a great day.
spam,Earn money fast from home without investment.
ham,"Hey, are we meeting tomorrow?"
spam,Get rich quickly with this secret method.
spam,Exclusive deal just for you. Click the link.
spam,Congratulations! You won $39331 cash prize. Click now!
ham,Let's attend the class together.
ham,"Dinner is ready, come home soon."
ham,"Hey, are we meeting tomorrow?"
ham,Thanks for helping me yesterday.
spam,Congratulations! You won $55621 cash prize. Click now!
ham,Thanks for helping me yesterday.
ham,Please send me the assignment notes. Trade civil song realize tell.
spam,Limited time offer! Buy now and save huge.
spam,Your account has been selected for a free reward.
spam,Get rich quickly with this secret method.
spam,Free vacation tickets available now.
spam,Claim your free iPhone today.
spam,Your account has been selected for a free reward.
ham,Happy birthday! Have a great day.
spam,You have won a lottery worth $61543.
spam,Claim your free iPhone today.
spam,Get rich quickly with this secret method.
ham,"Hey, are we meeting tomorrow? Boy care skill production apply laugh tell."
ham,Happy birthday! Have a great day. Very evidence page above represent conference hot.
ham,Let's attend the class together.
ham,Please send me the assignment notes. Fear decade professor nor ground.
spam,Exclusive deal just for you. Click the link.
ham,"Dinner is ready, come home soon. Movie three court."
ham,Can you call me when you are free?
spam,Urgent! Verify your bank account immediately.
ham,Happy birthday! Have a great day. Industry happy book.
ham,Please send me the assignment notes.
spam,Free vacation tickets available now.
spam,Limited time offer! Buy now and save huge.
ham,Meeting has been shifted to 3 PM.
spam,Congratulations! You won $51069 cash prize. Click now!
spam,Your account has been selected for a free reward.
ham,Thanks for helping me yesterday. Despite tend word especially season must.
spam,Claim your free iPhone today.
spam,Your account has been selected for a free reward.
ham,"Hey, are we meeting tomorrow?"
spam,You have won a lottery worth $43598.
ham,"Hey, are we meeting tomorrow?"
ham,"Dinner is ready, come home soon."
ham,"Hey, are we meeting tomorrow?"
ham,Meeting has been shifted to 3 PM. Society key final card hospital according speak.
ham,"Hey, are we meeting tomorrow? Walk voice bad whom soon yard talk."
spam,Get rich quickly with this secret method.
spam,Urgent! Verify your bank account immediately.
ham,Don't forget the project submission.
spam,Urgent! Verify your bank account immediately.
spam,Congratulations! You won $21206 cash prize. Click now!
spam,You have won a lottery worth $95907.
spam,Earn money fast from home without investment.
ham,Don't forget the project submission. Middle care modern six leader themselves.
ham,Happy birthday! Have a great day.
spam,Urgent! Verify your bank account immediately.
ham,Meeting has been shifted to 3 PM. Field design others if true range into media.
ham,"Dinner is ready, come home soon."
ham,"Hey, are we meeting tomorrow? Lot baby media image."
ham,Can you call me when you are free?
spam,Claim your free iPhone today.
spam,Congratulations! You won $27747 cash prize. Click now!
spam,Free vacation tickets available now.
spam,You have won a lottery worth $8329.
spam,Claim your free iPhone today.
spam,Earn money fast from home without investment.
ham,Thanks for helping me yesterday. Pay difference goal end.
spam,Free vacation tickets available now.
spam,Claim your free iPhone today.
spam,Congratulations! You won $28902 cash prize. Click now!
ham,Happy birthday! Have a great day. Become same group professional kid significant something.
ham,"Hey, are we meeting tomorrow?"
spam,Get rich quickly with this secret method.
ham,Can you call me when you are free?
ham,Please send me the assignment notes. General happen bag American cut hundred southern.
ham,Happy birthday! Have a great day.
spam,Your account has been selected for a free reward.
spam,Limited time offer! Buy now and save huge.
ham,Your order has been delivered successfully. Staff risk city mean would expert follow.
ham,Can you call me when you are free?
ham,Let's attend the class together. Debate mind into air thing.
spam,Congratulations! You won $30985 cash prize. Click now!
ham,Don't forget the project submission. Bag design because idea.
ham,Happy birthday! Have a great day.
spam,Your account has been selected for a free reward.
ham,Happy birthday! Have a great day.
spam,Limited time offer! Buy now and save huge.
spam,Urgent! Verify your bank account immediately.
ham,Please send me the assignment notes.
ham,Meeting has been shifted to 3 PM.
ham,Can you call me when you are free? Owner race imagine smile.
spam,Urgent! Verify your bank account immediately.
spam,Claim your free iPhone today.
ham,Can you call me when you are free? Left star fall do bill similar.
ham,Please send me the assignment notes.
spam,Get rich quickly with this secret method.
ham,Can you call me when you are free? Party beyond must compare.
spam,Limited time offer! Buy now and save huge.
spam,Your account has been selected for a free reward.
spam,You have won a lottery worth $67011.
ham,Meeting has been shifted to 3 PM.
ham,"Dinner is ready, come home soon."
spam,Limited time offer! Buy now and save huge.
spam,Exclusive deal just for you. Click the link.
ham,Your order has been delivered successfully.
spam,Earn money fast from home without investment.
ham,Please send me the assignment notes. Computer someone quite rule left.
ham,Let's attend the class together.
spam,You have won a lottery worth $46003.
ham,Happy birthday! Have a great day. Most national quite these throw choose.
ham,Let's attend the class together.
ham,Let's attend the class together.
spam,Free vacation tickets available now.
spam,Your account has been selected for a free reward.
spam,Earn money fast from home without investment.
spam,Free vacation tickets available now.
spam,Urgent! Verify your bank account immediately.
spam,Limited time offer! Buy now and save huge.
spam,Exclusive deal just for you. Click the link.
spam,Get rich quickly with this secret method.
spam,Urgent! Verify your bank account immediately.
spam,Your account has been selected for a free reward.
ham,Thanks for helping me yesterday. Ten range enough.
ham,Your order has been delivered successfully. Evening project spring happy.
spam,Claim your free iPhone today.
ham,Let's attend the class together. Low head rich on off may east.
spam,Exclusive deal just for you. Click the link.
spam,You have won a lottery worth $48161.
ham,Happy birthday! Have a great day. Hospital article happen feel.
ham,Thanks for helping me yesterday.
ham,Let's attend the class together. Against only best if.
ham,Can you call me when you are free? Year difficult morning operation word late view.
ham,Meeting has been shifted to 3 PM. Child within back there summer or.
spam,Your account has been selected for a free reward.
spam,Congratulations! You won $28509 cash prize. Click now!
spam,You have won a lottery worth $69879.
ham,Don't forget the project submission. Dream director present deep chair.
spam,Urgent! Verify your bank account immediately.
ham,"Hey, are we meeting tomorrow?"
ham,"Dinner is ready, come home soon."
spam,Your account has been selected for a free reward.
ham,Your order has been delivered successfully.
spam,Urgent! Verify your bank account immediately.
ham,Meeting has been shifted to 3 PM. Travel actually these political right degree.
ham,Please send me the assignment notes. Offer and white such.
spam,Earn money fast from home without investment.
spam,Claim your free iPhone today.
spam,Get rich quickly with this secret method.
ham,"Hey, are we meeting tomorrow?"
spam,Earn money fast from home without investment.
ham,Can you call me when you are free? Couple evening support describe will.
ham,Don't forget the project submission.
spam,Claim your free iPhone today.
spam,Free vacation tickets available now.
spam,Limited time offer! Buy now and save huge.
spam,Urgent! Verify your bank account immediately.
spam,Earn money fast from home without investment.
ham,Happy birthday! Have a great day. Center often thousand sense.
ham,Meeting has been shifted to 3 PM.
ham,"Hey, are we meeting tomorrow?"
spam,Free vacation tickets available now.
ham,Thanks for helping me yesterday. Measure door spring owner animal ever each.
spam,Free vacation tickets available now.
ham,Don't forget the project submission. Operation scientist form.
spam,Urgent! Verify your bank account immediately.
ham,Don't forget the project submission. Realize service look partner.
ham,Can you call me when you are free?
ham,Please send me the assignment notes.
ham,Don't forget the project submission. Decision benefit social data.
ham,Happy birthday! Have a great day. Open matter find door service exactly only.
ham,"Hey, are we meeting tomorrow? Economy red size contain majority reality."
spam,Earn money fast from home without investment.
spam,Earn money fast from home without investment.
spam,Earn money fast from home without investment.
ham,Can you call me when you are free?
spam,Claim your free iPhone today.
ham,Happy birthday! Have a great day.
ham,Happy birthday! Have a great day. Thus wish I today director.
ham,Happy birthday! Have a great day.
spam,Urgent! Verify your bank account immediately.
ham,"Hey, are we meeting tomorrow? Item know board ahead capital."
spam,Exclusive deal just for you. Click the link.
ham,Please send me the assignment notes.
ham,Let's attend the class together. Get contain movement account.
ham,Don't forget the project submission. Could despite significant side administration charge president.
spam,Limited time offer! Buy now and save huge.
ham,"Hey, are we meeting tomorrow? Something whatever front former report race administration."
spam,Claim your free iPhone today.
ham,Your order has been delivered successfully. War middle operation too everybody expert throw.
ham,Your order has been delivered successfully.
spam,Limited time offer! Buy now and save huge.
spam,Exclusive deal just for you. Click the link.
spam,Claim your free iPhone today.
ham,Please send me the assignment notes.
spam,Urgent! Verify your bank account immediately.
ham,Happy birthday! Have a great day. Carry drop under deep trial.
ham,Your order has been delivered successfully.
spam,Exclusive deal just for you. Click the link.
spam,Congratulations! You won $98499 cash prize. Click now!
spam,Your account has been selected for a free reward.
ham,Meeting has been shifted to 3 PM. Board the popular show arm development result.
spam,Get rich quickly with this secret method.
spam,Get rich quickly with this secret method.
spam,Limited time offer! Buy now and save huge.
spam,Exclusive deal just for you. Click the link.
spam,Exclusive deal just for you. Click the link.
ham,Your order has been delivered successfully.
spam,Limited time offer! Buy now and save huge.
spam,Earn money fast from home without investment.
ham,Don't forget the project submission.
ham,Let's attend the class together. Apply force health she official.
spam,Exclusive deal just for you. Click the link.
spam,Exclusive deal just for you. Click the link.
ham,Let's attend the class together.
ham,Don't forget the project submission. Side where share sign set bed probably director.
ham,Thanks for helping me yesterday. Policy while role.
ham,"Dinner is ready, come home soon. End sport cause someone peace."
ham,Please send me the assignment notes.
ham,Let's attend the class together.
spam,Congratulations! You won $63490 cash prize. Click now!
spam,Get rich quickly with this secret method.
ham,"Dinner is ready, come home soon."
spam,Claim your free iPhone today.
spam,Get rich quickly with this secret method.
ham,Happy birthday! Have a great day.
spam,Limited time offer! Buy now and save huge.
ham,Let's attend the class together. Vote would not travel edge.
ham,Your order has been delivered successfully.
ham,Meeting has been shifted to 3 PM. Strategy herself plan site even view.
ham,Let's attend the class together. New federal finally continue concern.
ham,"Dinner is ready, come home soon. Lead ten institution man rule."
ham,"Dinner is ready, come home soon. Capital for effort current civil official."
ham,Your order has been delivered successfully. Treat instead three cell beat current affect TV.
spam,Limited time offer! Buy now and save huge.
spam,Congratulations! You won $83138 cash prize. Click now!
spam,Get rich quickly with this secret method.
ham,"Hey, are we meeting tomorrow?"
spam,Exclusive deal just for you. Click the link.
ham,"Dinner is ready, come home soon."
spam,Exclusive deal just for you. Click the link.
ham,Meeting has been shifted to 3 PM.
ham,"Dinner is ready, come home soon."
spam,Your account has been selected for a free reward.
spam,Your account has been selected for a free reward.
spam,Get rich quickly with this secret method.
ham,"Hey, are we meeting tomorrow?"
ham,Thanks for helping me yesterday. Information half them especially poor who reach.
spam,Get rich quickly with this secret method.
spam,Free vacation tickets available now.
ham,Don't forget the project submission. Serve car four group end whole tend.
spam,Your account has been selected for a free reward.
ham,Happy birthday! Have a great day.
spam,You have won a lottery worth $25451.
spam,Free vacation tickets available now.
ham,"Hey, are we meeting tomorrow? Five important by benefit option per then."
spam,Your account has been selected for a free reward.
spam,Get rich quickly with this secret method.
ham,Your order has been delivered successfully. Keep note action why glass.
spam,Congratulations! You won $32883 cash prize. Click now!
ham,"Dinner is ready, come home soon."
spam,Exclusive deal just for you. Click the link.
ham,Don't forget the project submission.
spam,Exclusive deal just for you. Click the link.
spam,Exclusive deal just for you. Click the link.
spam,Claim your free iPhone today.
ham,Please send me the assignment notes.
ham,"Dinner is ready, come home soon. Growth sea plant despite successful."
spam,Earn money fast from home without investment.
ham,"Hey, are we meeting tomorrow? Eight describe our far end behind."
spam,Exclusive deal just for you. Click the link.
spam,Claim your free iPhone today.
spam,Get rich quickly with this secret method.
ham,Your order has been delivered successfully. Town pay anything history.
ham,Can you call me when you are free? Artist relationship commercial.
spam,Claim your free iPhone today.
ham,Meeting has been shifted to 3 PM. Sell federal our wear establish scene.
ham,Please send me the assignment notes. End case take society reduce threat seven.
spam,Claim your free iPhone today.
ham,Don't forget the project submission.
ham,Happy birthday! Have a great day. Order somebody religious.
spam,Limited time offer! Buy now and save huge.
ham,Let's attend the class together. Force enjoy someone sense ability budget.
spam,Urgent! Verify your bank account immediately.
ham,Please send me the assignment notes. Feel reality movie market.
spam,Exclusive deal just for you. Click the link.
ham,"Dinner is ready, come home soon."
ham,Please send me the assignment notes. Task ask beat gas.
ham,"Hey, are we meeting tomorrow?"
spam,Limited time offer! Buy now and save huge.
ham,Please send me the assignment notes.
spam,Your account has been selected for a free reward.
ham,Meeting has been shifted to 3 PM.
ham,Don't forget the project submission. Very represent ahead garden.
spam,Urgent! Verify your bank account immediately.
ham,Don't forget the project submission.
ham,Can you call me when you are free?
ham,Can you call me when you are free?
ham,"Dinner is ready, come home soon. Training respond trouble will late."
ham,Thanks for helping me yesterday.
spam,Free vacation tickets available now.
spam,You have won a lottery worth $9173.
spam,Exclusive deal just for you. Click the link.
spam,Congratulations! You won $20354 cash prize. Click now!
ham,Your order has been delivered successfully.
spam,Congratulations! You won $57160 cash prize. Click now!
spam,Free vacation tickets available now.
ham,"Dinner is ready, come home soon."
ham,Meeting has been shifted to 3 PM.
ham,"Hey, are we meeting tomorrow?"
spam,You have won a lottery worth $86941.
ham,Thanks for helping me yesterday. Point institution arrive could.
ham,"Dinner is ready, come home soon. Day mind research care it."
spam,Earn money fast from home without investment.
ham,Your order has been delivered successfully. Positive necessary item.
spam,Limited time offer! Buy now and save huge.
ham,Thanks for helping me yesterday. Finally want record understand camera.
spam,Urgent! Verify your bank account immediately.
spam,Your account has been selected for a free reward.
ham,"Hey, are we meeting tomorrow?"
ham,Let's attend the class together.
spam,Earn money fast from home without investment.
spam,Free vacation tickets available now.
spam,Free vacation tickets available now.
spam,Limited time offer! Buy now and save huge.
ham,"Dinner is ready, come home soon."
ham,Don't forget the project submission. Color father training enter.
spam,Claim your free iPhone today.
spam,Free vacation tickets available now.
ham,"Hey, are we meeting tomorrow? For pretty issue sign second score."
spam,Claim your free iPhone today.
ham,"Hey, are we meeting tomorrow?"
ham,Let's attend the class together.
ham,Can you call me when you are free? Word body more quickly yes total.
ham,"Dinner is ready, come home soon. History occur argue."
ham,"Dinner is ready, come home soon."
ham,Don't forget the project submission.
spam,Urgent! Verify your bank account immediately.
spam,Urgent! Verify your bank account immediately.
spam,Exclusive deal just for you. Click the link.
ham,Meeting has been shifted to 3 PM. Oil throughout travel product.
spam,Limited time offer! Buy now and save huge.
spam,Urgent! Verify your bank account immediately.
spam,Exclusive deal just for you. Click the link.
ham,Happy birthday! Have a great day. Case civil guy.
spam,You have won a lottery worth $69620.
ham,Don't forget the project submission. Night product foot professional.
spam,Claim your free iPhone today.
ham,Don't forget the project submission.
ham,Thanks for helping me yesterday. Deep cause himself everyone peace modern.
ham,Please send me the assignment notes. We actually business if ahead to and team.
ham,Happy birthday! Have a great day.
spam,Get rich quickly with this secret method.
spam,You have won a lottery worth $23588.
spam,Free vacation tickets available now.
ham,"Hey, are we meeting tomorrow? Anything increase spring quality try deal."
spam,You have won a lottery worth $33035.
spam,Limited time offer! Buy now and save huge.
ham,Let's attend the class together. Which care material memory although scientist usually research.
spam,Get rich quickly with this secret method.
ham,"Hey, are we meeting tomorrow?"
ham,Can you call me when you are free?
spam,Earn money fast from home without investment.
spam,Exclusive deal just for you. Click the link.
ham,"Dinner is ready, come home soon. Left happy rest."
spam,Your account has been selected for a free reward.
ham,"Hey, are we meeting tomorrow? Eat hot never reduce."
spam,You have won a lottery worth $92918.
ham,Thanks for helping me yesterday. Rather will may.
spam,Exclusive deal just for you. Click the link.
spam,You have won a lottery worth $98867.
spam,Earn money fast from home without investment.
ham,Meeting has been shifted to 3 PM. Case man event very create decide.
ham,"Dinner is ready, come home soon."
ham,Can you call me when you are free? Clear customer expert rather data exist eye.
spam,Your account has been selected for a free reward.
ham,Happy birthday! Have a great day.
ham,Your order has been delivered successfully.
spam,Urgent! Verify your bank account immediately.
ham,Happy birthday! Have a great day. Spend general explain individual of a former agent.
spam,Free vacation tickets available now.
spam,Your account has been selected for a free reward.
ham,Happy birthday! Have a great day. We hot child not assume at tell.
spam,Your account has been selected for a free reward.
spam,Get rich quickly with this secret method.
ham,Thanks for helping me yesterday.
spam,Limited time offer! Buy now and save huge.
spam,Your account has been selected for a free reward.
ham,"Hey, are we meeting tomorrow?"
ham,Can you call me when you are free? Culture kind receive rock kid spring federal when.
spam,Earn money fast from home without investment.
spam,You have won a lottery worth $5097.
spam,Claim your free iPhone today.
spam,Congratulations! You won $88278 cash prize. Click now!
ham,Don't forget the project submission. Television claim name state.
ham,"Hey, are we meeting tomorrow?"
spam,Congratulations! You won $62582 cash prize. Click now!
spam,Limited time offer! Buy now and save huge.
spam,Free vacation tickets available now.
spam,Claim your free iPhone today.
spam,Free vacation tickets available now.
spam,Get rich quickly with this secret method.
spam,Earn money fast from home without investment.
ham,Happy birthday! Have a great day. Important must point support under.
ham,Let's attend the class together. Strategy public source act require action.
spam,You have won a lottery worth $72392.
spam,Urgent! Verify your bank account immediately.
spam,Limited time offer! Buy now and save huge.
spam,Claim your free iPhone today.
ham,Please send me the assignment notes. Something audience after toward.
spam,Earn money fast from home without investment.
ham,Let's attend the class together.
ham,"Hey, are we meeting tomorrow?"
ham,Can you call me when you are free?
ham,"Hey, are we meeting tomorrow? Coach weight compare full machine."
spam,Exclusive deal just for you. Click the link.
spam,Urgent! Verify your bank account immediately.
ham,Meeting has been shifted to 3 PM.
ham,"Dinner is ready, come home soon. Visit read impact trouble space."
ham,Can you call me when you are free?
ham,Your order has been delivered successfully. Power few happen forward degree assume first role.
ham,"Dinner is ready, come home soon. Around address speech."
ham,Let's attend the class together.
ham,Meeting has been shifted to 3 PM.
ham,"Hey, are we meeting tomorrow? Space media down moment son money black."
spam,Congratulations! You won $2672 cash prize. Click now!
spam,Limited time offer! Buy now and save huge.
spam,Urgent! Verify your bank account immediately.
ham,Please send me the assignment notes. Crime then next support important according.
ham,Let's attend the class together.
ham,Happy birthday! Have a great day. Provide meeting face many between real.
spam,Exclusive deal just for you. Click the link.
ham,Your order has been delivered successfully.
ham,Don't forget the project submission. Fear candidate cell culture law spend.
spam,Your account has been selected for a free reward.
ham,"Dinner is ready, come home soon. Follow structure eye analysis."
ham,Please send me the assignment notes. Act worry bring idea general.
spam,Earn money fast from home without investment.
spam,Get rich quickly with this secret method.
spam,Earn money fast from home without investment.
spam,Exclusive deal just for you. Click the link.
spam,Claim your free iPhone today.
spam,Your account has been selected for a free reward.
ham,Meeting has been shifted to 3 PM. Gas white analysis condition gas fill senior.
ham,Thanks for helping me yesterday. Person concern often soon.
ham,Your order has been delivered successfully.
ham,Let's attend the class together. Sign see certain see however risk.
ham,Thanks for helping me yesterday. Boy painting article grow place.
ham,Let's attend the class together. Run thus bill similar.
ham,Let's attend the class together.
spam,Congratulations! You won $67401 cash prize. Click now!
spam,You have won a lottery worth $17396.
spam,Limited time offer! Buy now and save huge.
ham,Don't forget the project submission.
spam,Claim your free iPhone today.
spam,Congratulations! You won $69108 cash prize. Click now!
spam,Exclusive deal just for you. Click the link.
spam,Exclusive deal just for you. Click the link.
ham,Happy birthday! Have a great day.
ham,Happy birthday! Have a great day. Response really some worker outside.
ham,"Dinner is ready, come home soon. Wide them amount finally national."
spam,Your account has been selected for a free reward.
spam,Earn money fast from home without investment.
spam,Congratulations! You won $84411 cash prize. Click now!
spam,Urgent! Verify your bank account immediately.
spam,Your account has been selected for a free reward.
spam,Urgent! Verify your bank account immediately.
spam,Claim your free iPhone today.
ham,Don't forget the project submission. Same compare when yard contain thank.
spam,Earn money fast from home without investment.
spam,Earn money fast from home without investment.
spam,Congratulations! You won $80012 cash prize. Click now!
ham,Your order has been delivered successfully.
spam,Urgent! Verify your bank account immediately.
ham,Don't forget the project submission. Detail stuff economic.
ham,Thanks for helping me yesterday. Fast glass possible set.
spam,Urgent! Verify your bank account immediately.
ham,Your order has been delivered successfully. The edge memory man senior century.
ham,Can you call me when you are free?
ham,Meeting has been shifted to 3 PM.
spam,Get rich quickly with this secret method.
ham,Let's attend the class together. Fish religious fund thus admit smile trial.
ham,Please send me the assignment notes. Benefit fine east room Congress hot.
spam,You have won a lottery worth $73730.
ham,Thanks for helping me yesterday. Piece Mr plan effort need.
spam,Get rich quickly with this secret method.
spam,Your account has been selected for a free reward.
ham,Happy birthday! Have a great day. Account house animal medical.
ham,"Hey, are we meeting tomorrow? Yourself foreign serve brother necessary fish clear."
ham,Don't forget the project submission.
ham,Let's attend the class together. Image allow but church.
ham,"Hey, are we meeting tomorrow?"
spam,You have won a lottery worth $61857.
ham,Thanks for helping me yesterday.
spam,Earn money fast from home without investment.
spam,Urgent! Verify your bank account immediately.
ham,Meeting has been shifted to 3 PM. Dog material audience look minute add.
ham,Happy birthday! Have a great day.
spam,Urgent! Verify your bank account immediately.
ham,Thanks for helping me yesterday.
spam,Your account has been selected for a free reward.
ham,Don't forget the project submission. Because maybe both character just present.
ham,Let's attend the class together. Goal television expect me join never art.
spam,Free vacation tickets available now.
spam,Exclusive deal just for you. Click the link.
ham,Meeting has been shifted to 3 PM. Figure knowledge energy expert country various understand population.
ham,Happy birthday! Have a great day. Item late give however.
spam,Free vacation tickets available now.
spam,Claim your free iPhone today.
spam,Free vacation tickets available now.
ham,"Dinner is ready, come home soon."
ham,Don't forget the project submission.
spam,Earn money fast from home without investment.
spam,Get rich quickly with this secret method.
spam,Limited time offer! Buy now and save huge.
ham,Can you call me when you are free? Kitchen certain subject almost sport.
ham,Can you call me when you are free?
ham,Your order has been delivered successfully.
ham,Thanks for helping me yesterday.
ham,Can you call me when you are free? Peace us commercial statement tax.
spam,Your account has been selected for a free reward.
spam,Claim your free iPhone today.
spam,Congratulations! You won $84774 cash prize. Click now!
spam,You have won a lottery worth $79244.
spam,Limited time offer! Buy now and save huge.
ham,Your order has been delivered successfully. Consider lay hit.
ham,Happy birthday! Have a great day. Attack policy skill money teacher.
ham,Happy birthday! Have a great day. Beyond laugh notice hold husband.
ham,Can you call me when you are free? Drop machine month TV boy people image.
spam,Free vacation tickets available now.
spam,Exclusive deal just for you. Click the link.
spam,Your account has been selected for a free reward.
ham,"Hey, are we meeting tomorrow? Relationship win management seat fall development star."
spam,Your account has been selected for a free reward.
spam,Limited time offer! Buy now and save huge.
ham,"Dinner is ready, come home soon. Tv black theory method."
spam,Exclusive deal just for you. Click the link.
spam,Your account has been selected for a free reward.
ham,Don't forget the project submission. Certain others rule sea.
spam,Exclusive deal just for you. Click the link.
ham,Please send me the assignment notes. Question receive law stay president.
spam,Urgent! Verify your bank account immediately.
spam,Get rich quickly with this secret method.
ham,Please send me the assignment notes.
spam,Get rich quickly with this secret method.
spam,Exclusive deal just for you. Click the link.
ham,Please send me the assignment notes. Mrs both month minute recognize section loss.
ham,Happy birthday! Have a great day.
ham,Happy birthday! Have a great day. Poor structure those only.
spam,Free vacation tickets available now.
ham,"Dinner is ready, come home soon."
ham,Don't forget the project submission. Training trip deal bag.
ham,Thanks for helping me yesterday.
ham,Let's attend the class together. Laugh choose use phone.
ham,Can you call me when you are free? Official poor serious every rich such million.
spam,You have won a lottery worth $15672.
spam,Your account has been selected for a free reward.
spam,Claim your free iPhone today.
spam,Claim your free iPhone today.
spam,Urgent! Verify your bank account immediately.
spam,Exclusive deal just for you. Click the link.
spam,Claim your free iPhone today.
ham,Don't forget the project submission. Never arm south investment.
spam,Congratulations! You won $35731 cash prize. Click now!
ham,Meeting has been shifted to 3 PM. Raise gas politics process truth somebody.
ham,Thanks for helping me yesterday.
ham,Can you call me when you are free? Car many continue wear nation in southern.
spam,Free vacation tickets available now.
spam,Get rich quickly with this secret method.
ham,Happy birthday! Have a great day. Report about sign join lose.
ham,"Hey, are we meeting tomorrow?"
spam,Urgent! Verify your bank account immediately.
ham,Thanks for helping me yesterday. Approach serve glass four try Congress find learn.
ham,Can you call me when you are free? Agree season go growth.
spam,Exclusive deal just for you. Click the link.
spam,Urgent! Verify your bank account immediately.
ham,Let's attend the class together. Scene task though represent city.
spam,Claim your free iPhone today.
ham,Thanks for helping me yesterday. Develop speak catch team both according since.
spam,Free vacation tickets available now.
ham,Thanks for helping me yesterday.
spam,Free vacation tickets available now.
spam,Your account has been selected for a free reward.
ham,Don't forget the project submission. Letter line director will.
spam,Claim your free iPhone today.
spam,Exclusive deal just for you. Click the link.
spam,Your account has been selected for a free reward.
spam,Earn money fast from home without investment.
spam,You have won a lottery worth $46183.
ham,"Hey, are we meeting tomorrow?"
ham,Meeting has been shifted to 3 PM.
ham,"Dinner is ready, come home soon. Yes civil sound piece."
ham,Thanks for helping me yesterday. Movement but kitchen movement thank nothing need personal.
ham,Don't forget the project submission. Visit standard measure tree.
spam,Get rich quickly with this secret method.
spam,Urgent! Verify your bank account immediately.
spam,Free vacation tickets available now.
spam,Get rich quickly with this secret method.
spam,Limited time offer! Buy now and save huge.
ham,"Hey, are we meeting tomorrow? Trial human prevent develop assume."
spam,Limited time offer! Buy now and save huge.
spam,Free vacation tickets available now.
ham,Don't forget the project submission.
spam,Your account has been selected for a free reward.
spam,Free vacation tickets available now.
spam,Congratulations! You won $77091 cash prize. Click now!
spam,Claim your free iPhone today.
ham,"Hey, are we meeting tomorrow?"
spam,Urgent! Verify your bank account immediately.
ham,Thanks for helping me yesterday. Today fact important goal section occur.
spam,Your account has been selected for a free reward.
ham,"Hey, are we meeting tomorrow?"
ham,Don't forget the project submission. Yeah nature doctor task see long.
spam,Claim your free iPhone today.
ham,Please send me the assignment notes. Art page performance sing agree relate art.
spam,Claim your free iPhone today.
ham,"Dinner is ready, come home soon. Although able however discuss enter face note."
spam,You have won a lottery worth $36372.
spam,Limited time offer! Buy now and save huge.
ham,Your order has been delivered successfully. Baby price opportunity member situation.
spam,Exclusive deal just for you. Click the link.
spam,You have won a lottery worth $51918.
spam,Claim your free iPhone today.
ham,Please send me the assignment notes.
spam,Urgent! Verify your bank account immediately.
ham,Don't forget the project submission. Think early provide mention any.
spam,Free vacation tickets available now.
spam,Earn money fast from home without investment.
ham,Your order has been delivered successfully. Tree eight more campaign need task.
ham,Don't forget the project submission. Attention industry fire until song there gas dark.
spam,Your account has been selected for a free reward.
spam,Earn money fast from home without investment.
spam,Congratulations! You won $87401 cash prize. Click now!
spam,Congratulations! You won $2826 cash prize. Click now!
spam,Exclusive deal just for you. Click the link.
ham,Meeting has been shifted to 3 PM.
spam,Earn money fast from home without investment.
ham,"Dinner is ready, come home soon. Physical until stage."
ham,Your order has been delivered successfully. Newspaper space international low.
spam,You have won a lottery worth $15278.
ham,Meeting has been shifted to 3 PM.
ham,Don't forget the project submission.
ham,Please send me the assignment notes. Buy message fear them.
spam,Earn money fast from home without investment.
ham,Can you call me when you are free? Trial loss main would cold.
ham,"Hey, are we meeting tomorrow?"
ham,Meeting has been shifted to 3 PM.
spam,Earn money fast from home without investment.
spam,Earn money fast from home without investment.
ham,Your order has been delivered successfully. Exist price key often dog house.
ham,Your order has been delivered successfully.
ham,Can you call me when you are free?
spam,You have won a lottery worth $18637.
ham,Please send me the assignment notes.
ham,Thanks for helping me yesterday. Focus himself the these identify maybe.
spam,Your account has been selected for a free reward.
ham,"Dinner is ready, come home soon."
ham,Please send me the assignment notes. Relate soon total know many.
spam,Free vacation tickets available now.
spam,Congratulations! You won $84410 cash prize. Click now!
ham,Meeting has been shifted to 3 PM. Tv civil including piece either.
spam,Urgent! Verify your bank account immediately.
ham,Meeting has been shifted to 3 PM. Hard article among.
spam,Get rich quickly with this secret method.
ham,Your order has been delivered successfully.
ham,Happy birthday! Have a great day. News world amount life similar cup.
ham,Don't forget the project submission.
ham,Happy birthday! Have a great day. Rich threat focus.
ham,Meeting has been shifted to 3 PM. Rich environmental large ability.
spam,Earn money fast from home without investment.
spam,You have won a lottery worth $30633.
spam,Free vacation tickets available now.
ham,"Dinner is ready, come home soon."
spam,Urgent! Verify your bank account immediately.
ham,Let's attend the class together. Hospital raise certain allow relate body.
ham,Can you call me when you are free?
ham,"Dinner is ready, come home soon."
spam,Claim your free iPhone today.
ham,"Hey, are we meeting tomorrow? Coach boy chair behavior fear early build."
ham,Happy birthday! Have a great day.
ham,"Dinner is ready, come home soon. Hot company cultural manager grow."
spam,Your account has been selected for a free reward.
spam,Claim your free iPhone today.
ham,"Dinner is ready, come home soon."
ham,"Hey, are we meeting tomorrow? Writer phone goal relate especially number success too."
spam,Your account has been selected for a free reward.
ham,Don't forget the project submission. Chance there out occur ever standard process.
ham,Thanks for helping me yesterday.
spam,Limited time offer! Buy now and save huge.
spam,Earn money fast from home without investment.
ham,Let's attend the class together.
ham,Happy birthday! Have a great day. Lead because reduce get.
ham,"Dinner is ready, come home soon. Animal story next concern capital expert carry."
spam,Urgent! Verify your bank account immediately.
ham,Can you call me when you are free?
spam,Earn money fast from home without investment.
spam,Congratulations! You won $60459 cash prize. Click now!
spam,Earn money fast from home without investment.
ham,Don't forget the project submission. Common lay energy budget.
ham,Let's attend the class together.
ham,Please send me the assignment notes.
ham,Thanks for helping me yesterday.
spam,Limited time offer! Buy now and save huge.
ham,Thanks for helping me yesterday. Debate seven drug paper.
spam,Urgent! Verify your bank account immediately.
spam,Limited time offer! Buy now and save huge.
spam,You have won a lottery worth $69661.
spam,Urgent! Verify your bank account immediately.
spam,Earn money fast from home without investment.
spam,Limited time offer! Buy now and save huge.
ham,Your order has been delivered successfully. Surface authority throw receive rate newspaper author.
ham,Thanks for helping me yesterday.
spam,Your account has been selected for a free reward.
spam,Your account has been selected for a free reward.
spam,You have won a lottery worth $60751.
ham,Can you call me when you are free? Give start hard law about also.
ham,"Dinner is ready, come home soon."
spam,You have won a lottery worth $87233.
ham,Happy birthday! Have a great day. Buy dark whatever.
spam,Earn money fast from home without investment.
spam,Limited time offer! Buy now and save huge.
ham,"Hey, are we meeting tomorrow?"
spam,Your account has been selected for a free reward.
spam,Claim your free iPhone today.
spam,Congratulations! You won $59517 cash prize. Click now!
spam,Earn money fast from home without investment.
spam,You have won a lottery worth $39286.
spam,Earn money fast from home without investment.
ham,Don't forget the project submission. Attack live from wife billion.
spam,Your account has been selected for a free reward.
spam,Your account has been selected for a free reward.
ham,Thanks for helping me yesterday. Effort paper season arrive analysis record.
spam,You have won a lottery worth $28300.
ham,Let's attend the class together.
ham,Meeting has been shifted to 3 PM. Never where study.
ham,Your order has been delivered successfully.
spam,Get rich quickly with this secret method.
spam,Get rich quickly with this secret method.
ham,Can you call me when you are free? Yeah sign effort edge game together him.
spam,Claim your free iPhone today.
ham,Can you call me when you are free?
ham,Happy birthday! Have a great day. Serious control unit onto task politics.
spam,Get rich quickly with this secret method.
spam,You have won a lottery worth $75356.
ham,Meeting has been shifted to 3 PM.
ham,"Dinner is ready, come home soon. Campaign month arrive about."
spam,Free vacation tickets available now.
spam,Free vacation tickets available now.
ham,Your order has been delivered successfully. Remember manage newspaper traditional.
ham,Your order has been delivered successfully.
spam,You have won a lottery worth $40039.
spam,Earn money fast from home without investment.
spam,Earn money fast from home without investment.
spam,Exclusive deal just for you. Click the link.
ham,Let's attend the class together. Man country knowledge thus physical analysis focus.
ham,"Dinner is ready, come home soon."
spam,Claim your free iPhone today.
spam,Exclusive deal just for you. Click the link.
ham,Please send me the assignment notes.
ham,"Hey, are we meeting tomorrow? Indeed will issue can be condition lay."
ham,"Dinner is ready, come home soon."
ham,"Hey, are we meeting tomorrow?"
ham,Don't forget the project submission. Popular foreign alone investment sport reach line.
ham,"Hey, are we meeting tomorrow? Traditional with if staff sure."
ham,Your order has been delivered successfully.
spam,Get rich quickly with this secret method.
ham,Happy birthday! Have a great day.
ham,Happy birthday! Have a great day.
spam,Congratulations! You won $72427 cash prize. Click now!
ham,Your order has been delivered successfully.
ham,Happy birthday! Have a great day.
spam,Free vacation tickets available now.
spam,Earn money fast from home without investment.
ham,Happy birthday! Have a great day. No college unit week.
spam,Earn money fast from home without investment.
spam,Congratulations! You won $75104 cash prize. Click now!
spam,Claim your free iPhone today.
spam,Congratulations! You won $84040 cash prize. Click now!
spam,You have won a lottery worth $27472.
ham,Don't forget the project submission. Computer Mrs front pull.
spam,Get rich quickly with this secret method.
ham,Your order has been delivered successfully. Drop them himself news dog show owner somebody.
ham,Can you call me when you are free?
spam,Congratulations! You won $30850 cash prize. Click now!
ham,Meeting has been shifted to 3 PM. Suddenly subject its response north from fight.
spam,You have won a lottery worth $62336.
ham,Let's attend the class together. Analysis free out leg change ability single evidence.
ham,Meeting has been shifted to 3 PM. Within at own best week full challenge.
ham,Don't forget the project submission.
spam,Claim your free iPhone today.
spam,Claim your free iPhone today.
ham,Happy birthday! Have a great day. Fight most up wrong office begin letter.
ham,Happy birthday! Have a great day.
ham,"Dinner is ready, come home soon. Analysis already phone check."
ham,Meeting has been shifted to 3 PM. Enough foreign happen man true.
spam,Free vacation tickets available now.
ham,Happy birthday! Have a great day.
ham,Meeting has been shifted to 3 PM. Money increase safe guy policy.
ham,"Hey, are we meeting tomorrow?"
ham,Meeting has been shifted to 3 PM.
spam,Exclusive deal just for you. Click the link.
spam,Free vacation tickets available now.
spam,Urgent! Verify your bank account immediately.
ham,Happy birthday! Have a great day.
ham,Thanks for helping me yesterday.
ham,Please send me the assignment notes.
ham,Happy birthday! Have a great day. Suffer common letter painting.
ham,Please send me the assignment notes.
spam,Urgent! Verify your bank account immediately.
spam,Exclusive deal just for you. Click the link.
spam,Your account has been selected for a free reward.
ham,Meeting has been shifted to 3 PM. Hair in industry put fear school television same.
ham,Your order has been delivered successfully. Dark us great do traditional.
spam,Claim your free iPhone today.
spam,Limited time offer! Buy now and save huge.
spam,Earn money fast from home without investment.
spam,Claim your free iPhone today.
spam,Get rich quickly with this secret method.
spam,Exclusive deal just for you. Click the link.
spam,Get rich quickly with this secret method.
ham,Thanks for helping me yesterday. Science television federal factor.
ham,Happy birthday! Have a great day. Defense wait during play feel series long.
spam,You have won a lottery worth $93431.
spam,Earn money fast from home without investment.
spam,You have won a lottery worth $5415.
spam,Get rich quickly with this secret method.
ham,Thanks for helping me yesterday. Team growth wrong job environment if.
ham,Your order has been delivered successfully.
spam,Claim your free iPhone today.
ham,Your order has been delivered successfully. Issue stop last camera economic father board.
ham,"Hey, are we meeting tomorrow? Most evidence much or price early."
ham,Meeting has been shifted to 3 PM. Return color day keep about.
ham,"Dinner is ready, come home soon."
spam,Urgent! Verify your bank account immediately.
ham,Don't forget the project submission.
ham,Thanks for helping me yesterday. Sing fill enough wish near.
ham,Your order has been delivered successfully. Value artist budget child evening.
ham,"Dinner is ready, come home soon. Nature century field pick."
spam,Exclusive deal just for you. Click the link.
ham,Your order has been delivered successfully.
ham,Please send me the assignment notes.
ham,Meeting has been shifted to 3 PM.
ham,Your order has been delivered successfully.
spam,Your account has been selected for a free reward.
ham,Don't forget the project submission. Eye send study learn window sure partner.
spam,Exclusive deal just for you. Click the link.
ham,Please send me the assignment notes.
ham,Don't forget the project submission.
spam,Earn money fast from home without investment.
ham,Your order has been delivered successfully.
ham,"Dinner is ready, come home soon. Special various hotel writer sometimes."
ham,Can you call me when you are free? Realize method because charge reality her one.
spam,Get rich quickly with this secret method.
ham,Don't forget the project submission.
spam,Earn money fast from home without investment.
ham,Meeting has been shifted to 3 PM.
ham,Can you call me when you are free?
spam,Free vacation tickets available now.
ham,Please send me the assignment notes. Kind career treatment tell six.
spam,Your account has been selected for a free reward.
ham,Meeting has been shifted to 3 PM. Power arrive its city offer candidate.
ham,Happy birthday! Have a great day.
ham,Happy birthday! Have a great day. Business quality although true know.
ham,Thanks for helping me yesterday.
spam,Get rich quickly with this secret method.
spam,Your account has been selected for a free reward.
spam,Earn money fast from home without investment.
spam,Your account has been selected for a free reward.
spam,Exclusive deal just for you. Click the link.
spam,Get rich quickly with this secret method.
spam,Urgent! Verify your bank account immediately.
spam,Urgent! Verify your bank account immediately.
ham,Thanks for helping me yesterday. Recognize save special both.
ham,Let's attend the class together. Knowledge left happy hundred great.
spam,Your account has been selected for a free reward.
ham,Please send me the assignment notes. Couple event road develop mind.
ham,Thanks for helping me yesterday.
spam,Claim your free iPhone today.
ham,Please send me the assignment notes.
ham,Your order has been delivered successfully.
spam,Get rich quickly with this secret method.
ham,Thanks for helping me yesterday. Movie special bill south could authority medical different.
ham,Your order has been delivered successfully. Whole size writer significant leader live.
ham,"Dinner is ready, come home soon."
ham,Please send me the assignment notes.
spam,Exclusive deal just for you. Click the link.
spam,Exclusive deal just for you. Click the link.
ham,Thanks for helping me yesterday. Which any room quite peace.
spam,Free vacation tickets available now.
spam,Urgent! Verify your bank account immediately.
ham,Thanks for helping me yesterday.
spam,Earn money fast from home without investment.
spam,Earn money fast from home without investment.
ham,Your order has been delivered successfully. Special away wonder what can through image.
ham,Thanks for helping me yesterday.
ham,Meeting has been shifted to 3 PM.
ham,Let's attend the class together. Talk administration can level challenge less should manage.
spam,Congratulations! You won $66641 cash prize. Click now!
spam,Your account has been selected for a free reward.
spam,Get rich quickly with this secret method.
spam,Exclusive deal just for you. Click the link.
ham,Can you call me when you are free?
ham,Meeting has been shifted to 3 PM. They data ball look clear benefit project.
spam,Exclusive deal just for you. Click the link.
ham,Please send me the assignment notes. Share consider budget still threat he.
ham,Happy birthday! Have a great day. Agreement either about beyond field computer party.
ham,Your order has been delivered successfully.
spam,Exclusive deal just for you. Click the link.
spam,Your account has been selected for a free reward.
ham,Meeting has been shifted to 3 PM.
ham,Let's attend the class together.
spam,Get rich quickly with this secret method.
ham,"Dinner is ready, come home soon."
spam,Exclusive deal just for you. Click the link.
spam,Exclusive deal just for you. Click the link.
ham,Don't forget the project submission. Suddenly find them player his day.
spam,Claim your free iPhone today.
spam,Your account has been selected for a free reward.
spam,Urgent! Verify your bank account immediately.
ham,Your order has been delivered successfully.
ham,Meeting has been shifted to 3 PM.
ham,Your order has been delivered successfully. Serious beat people single man recent.
spam,Exclusive deal just for you. Click the link.
ham,Your order has been delivered successfully.
ham,"Dinner is ready, come home soon. Middle hard five might way."
spam,Urgent! Verify your bank account immediately.
ham,Your order has been delivered successfully. Heavy maybe scene against mouth decide.
spam,Congratulations! You won $51359 cash prize. Click now!
spam,You have won a lottery worth $94330.
ham,Happy birthday! Have a great day.
ham,Your order has been delivered successfully. Case type gun might.
ham,Thanks for helping me yesterday. Own into trip sit kitchen.
spam,You have won a lottery worth $76819.
spam,Limited time offer! Buy now and save huge.
ham,Let's attend the class together. Continue particular guy group very end us.
spam,Claim your free iPhone today.
spam,Free vacation tickets available now.
spam,Get rich quickly with this secret method.
ham,Let's attend the class together. Performance bit school radio war responsibility.
ham,"Hey, are we meeting tomorrow? Air view politics recognize."
ham,Don't forget the project submission.
spam,Claim your free iPhone today.
spam,Claim your free iPhone today.
ham,Can you call me when you are free?
ham,Don't forget the project submission.
spam,Get rich quickly with this secret method.
spam,Exclusive deal just for you. Click the link.
spam,You have won a lottery worth $79766.
ham,Please send me the assignment notes.
ham,Meeting has been shifted to 3 PM.
ham,Please send me the assignment notes. Serious TV road commercial.
ham,Please send me the assignment notes.
ham,"Hey, are we meeting tomorrow?"
ham,"Dinner is ready, come home soon."
spam,Congratulations! You won $11139 cash prize. Click now!
spam,Limited time offer! Buy now and save huge.
ham,"Dinner is ready, come home soon. Thus find situation bad process."
ham,Don't forget the project submission.
ham,"Hey, are we meeting tomorrow? Teach certainly peace difficult range we."
ham,Your order has been delivered successfully.
spam,Congratulations! You won $82150 cash prize. Click now!
ham,Thanks for helping me yesterday. Town station risk body read friend.
ham,Happy birthday! Have a great day.
spam,Limited time offer! Buy now and save huge.
ham,"Dinner is ready, come home soon. Do how give work if."
ham,Can you call me when you are free? Letter check tell easy machine include.
ham,"Dinner is ready, come home soon."
ham,Your order has been delivered successfully.
spam,Get rich quickly with this secret method.
ham,Please send me the assignment notes. No character drive budget enter investment could.
spam,Your account has been selected for a free reward.
spam,Earn money fast from home without investment.
spam,Your account has been selected for a free reward.
spam,Urgent! Verify your bank account immediately.
spam,Congratulations! You won $54820 cash prize. Click now!
spam,Claim your free iPhone today.
spam,Claim your free iPhone today.
ham,Happy birthday! Have a great day.
spam,Get rich quickly with this secret method.
spam,Congratulations! You won $46207 cash prize. Click now!
spam,You have won a lottery worth $38665.
spam,Claim your free iPhone today.
ham,Happy birthday! Have a great day. Hair none adult standard water church spring.
spam,Congratulations! You won $78522 cash prize. Click now!
ham,Thanks for helping me yesterday. Word sell fear lot during be free.
spam,Congratulations! You won $84311 cash prize. Click now!
ham,Don't forget the project submission.
spam,Congratulations! You won $38670 cash prize. Click now!
ham,Happy birthday! Have a great day. Tax be collection effect impact whole.
ham,Happy birthday! Have a great day. Write owner identify fast finally nothing.
ham,Thanks for helping me yesterday.
spam,Urgent! Verify your bank account immediately.
spam,Free vacation tickets available now.
spam,Urgent! Verify your bank account immediately.
ham,"Hey, are we meeting tomorrow? Small hold glass next away."
ham,Please send me the assignment notes.
spam,Claim your free iPhone today.
spam,Congratulations! You won $53856 cash prize. Click now!
spam,Limited time offer! Buy now and save huge.
ham,Can you call me when you are free? Reduce full order still method.
ham,Don't forget the project submission. Science choice effort describe without.
ham,"Hey, are we meeting tomorrow?"
spam,Free vacation tickets available now.
ham,"Dinner is ready, come home soon. She lay arm sort whose here expert."
spam,Free vacation tickets available now.
spam,Exclusive deal just for you. Click the link.
spam,You have won a lottery worth $7306.
spam,Free vacation tickets available now.
spam,Limited time offer! Buy now and save huge.
ham,Can you call me when you are free?
ham,Don't forget the project submission. Anything society parent recently consider.
spam,Exclusive deal just for you. Click the link.
ham,Don't forget the project submission. Democrat unit last art share his.
ham,Meeting has been shifted to 3 PM.
spam,You have won a lottery worth $26183.
spam,Exclusive deal just for you. Click the link.
ham,Don't forget the project submission. Trouble none fact.
spam,Claim your free iPhone today.
ham,Your order has been delivered successfully. Difference serious tree of.
spam,Claim your free iPhone today.
ham,"Dinner is ready, come home soon. One why office voice maintain."
spam,Earn money fast from home without investment.
spam,You have won a lottery worth $58105.
ham,Your order has been delivered successfully.
ham,Let's attend the class together. Today door perform close science message several finally.
spam,Exclusive deal just for you. Click the link.
spam,Congratulations! You won $51517 cash prize. Click now!
spam,Earn money fast from home without investment.
spam,Limited time offer! Buy now and save huge.
spam,Exclusive deal just for you. Click the link.
spam,Get rich quickly with this secret method.
spam,Claim your free iPhone today.
spam,Claim your free iPhone today.
ham,Let's attend the class together.
spam,Free vacation tickets available now.
spam,Free vacation tickets available now.
spam,Limited time offer! Buy now and save huge.
ham,Meeting has been shifted to 3 PM. Would guy follow leg standard set first stay.
ham,Don't forget the project submission. Test mother now travel no.
ham,"Hey, are we meeting tomorrow?"
spam,Free vacation tickets available now.
spam,Congratulations! You won $68072 cash prize. Click now!
ham,"Dinner is ready, come home soon. Catch hand last try course such foreign."
spam,Claim your free iPhone today.
spam,You have won a lottery worth $90458.
spam,Free vacation tickets available now.
spam,Exclusive deal just for you. Click the link.
ham,"Hey, are we meeting tomorrow? Begin become respond that."
spam,Limited time offer! Buy now and save huge.
spam,Congratulations! You won $61009 cash prize. Click now!
ham,Thanks for helping me yesterday. Prevent card bill health.
spam,Free vacation tickets available now.
spam,Urgent! Verify your bank account immediately.
spam,Your account has been selected for a free reward.
ham,Your order has been delivered successfully. Glass look later per plant movement bed fight.
spam,Exclusive deal just for you. Click the link.
spam,Get rich quickly with this secret method.
spam,Your account has been selected for a free reward.
ham,Please send me the assignment notes.
spam,Limited time offer! Buy now and save huge.
ham,Happy birthday! Have a great day.
spam,Exclusive deal just for you. Click the link.
ham,Let's attend the class together.
ham,"Hey, are we meeting tomorrow?"
ham,Your order has been delivered successfully.
ham,Your order has been delivered successfully.
ham,"Hey, are we meeting tomorrow?"
spam,You have won a lottery worth $30182.
spam,Limited time offer! Buy now and save huge.
ham,Meeting has been shifted to 3 PM.
ham,Thanks for helping me yesterday. Relate hot body training message already management.
spam,You have won a lottery worth $87954.
ham,Your order has been delivered successfully. Still rest price wrong amount government.
spam,Limited time offer! Buy now and save huge.
ham,Please send me the assignment notes. Take adult site feel ago ground place author.
ham,Let's attend the class together.
spam,Claim your free iPhone today.
spam,Exclusive deal just for you. Click the link.
spam,Earn money fast from home without investment.
spam,You have won a lottery worth $36045.
spam,Congratulations! You won $78144 cash prize. Click now!
spam,Your account has been selected for a free reward.
ham,Don't forget the project submission. Crime be century service along especially.
spam,Claim your free iPhone today.
ham,Let's attend the class together. Practice born painting.
spam,Claim your free iPhone today.
spam,Congratulations! You won $35204 cash prize. Click now!
ham,Thanks for helping me yesterday. Space fly writer own heart cultural.
ham,Let's attend the class together. Message against throughout who.
ham,Let's attend the class together. By style final sport.
ham,Happy birthday! Have a great day.
spam,Get rich quickly with this secret method.
ham,"Hey, are we meeting tomorrow?"
ham,"Hey, are we meeting tomorrow? Least even opportunity at."
spam,Your account has been selected for a free reward.
spam,Exclusive deal just for you. Click the link.
ham,"Hey, are we meeting tomorrow?"
ham,"Hey, are we meeting tomorrow? Avoid within cup small drive skill."
ham,Happy birthday! Have a great day.
spam,Exclusive deal just for you. Click the link.
spam,Limited time offer! Buy now and save huge.
ham,Please send me the assignment notes.
ham,Happy birthday! Have a great day.
ham,"Hey, are we meeting tomorrow? Person manager system least both."
spam,Earn money fast from home without investment.
ham,Let's attend the class together.
spam,Urgent! Verify your bank account immediately.
ham,Don't forget the project submission.
ham,Your order has been delivered successfully. Drop agency against defense.
ham,Can you call me when you are free?
spam,Urgent! Verify your bank account immediately.
spam,Congratulations! You won $73292 cash prize. Click now!
ham,Meeting has been shifted to 3 PM.
spam,Urgent! Verify your bank account immediately.
ham,Thanks for helping me yesterday.
spam,Free vacation tickets available now.
spam,Claim your free iPhone today.
ham,Thanks for helping me yesterday. Out put mean of ahead.
ham,Meeting has been shifted to 3 PM. Career strong cultural main of can.
spam,Get rich quickly with this secret method.
spam,Congratulations! You won $38955 cash prize. Click now!
ham,Meeting has been shifted to 3 PM. Show natural option realize.
ham,"Hey, are we meeting tomorrow?"
ham,Let's attend the class together.
spam,Get rich quickly with this secret method.
ham,"Hey, are we meeting tomorrow?"
ham,Let's attend the class together.
ham,"Hey, are we meeting tomorrow? Blue figure everyone management."
ham,Let's attend the class together. Same government majority provide girl begin shake training.
spam,Urgent! Verify your bank account immediately.
spam,Congratulations! You won $98188 cash prize. Click now!
ham,"Hey, are we meeting tomorrow? Last yet discover traditional."
spam,You have won a lottery worth $6447.
ham,Happy birthday! Have a great day.
ham,Let's attend the class together.
spam,Exclusive deal just for you. Click the link.
spam,Claim your free iPhone today.
spam,Get rich quickly with this secret method.
spam,You have won a lottery worth $17029.
spam,Claim your free iPhone today.
spam,You have won a lottery worth $97085.
spam,Limited time offer! Buy now and save huge.
ham,Don't forget the project submission.
spam,Earn money fast from home without investment.
ham,Don't forget the project submission. Method short education good box water article.
spam,Exclusive deal just for you. Click the link.
spam,Limited time offer! Buy now and save huge.
ham,Can you call me when you are free? Available spring where behavior serve.
spam,Limited time offer! Buy now and save huge.
spam,Claim your free iPhone today.
spam,Congratulations! You won $84626 cash prize. Click now!
ham,Can you call me when you are free? Network development arm guy magazine five.
spam,Claim your free iPhone today.
spam,Your account has been selected for a free reward.
spam,Your account has been selected for a free reward.
ham,Happy birthday! Have a great day. Region your clearly summer available worker.
spam,Claim your free iPhone today.
spam,Exclusive deal just for you. Click the link.
ham,Your order has been delivered successfully.
ham,Don't forget the project submission.
ham,"Hey, are we meeting tomorrow? Lay benefit turn team face any how."
ham,Don't forget the project submission. Adult water modern involve machine.
ham,Don't forget the project submission.
spam,Earn money fast from home without investment.
spam,Get rich quickly with this secret method.
spam,Free vacation tickets available now.
ham,Your order has been delivered successfully. Analysis so adult feel act scene out.
spam,You have won a lottery worth $18327.
ham,Your order has been delivered successfully.
ham,Please send me the assignment notes.
spam,Get rich quickly with this secret method.
spam,Limited time offer! Buy now and save huge.
spam,Get rich quickly with this secret method.
spam,Your account has been selected for a free reward.
ham,Don't forget the project submission. Indicate letter anything visit see.
ham,Thanks for helping me yesterday. Experience world road teach explain daughter effect.
ham,Happy birthday! Have a great day. Risk together short wife.
ham,Please send me the assignment notes. Commercial usually play last production court.
spam,Free vacation tickets available now.
spam,Claim your free iPhone today.
ham,Meeting has been shifted to 3 PM. Well material our black address design collection.
ham,Thanks for helping me yesterday. Total great factor really hour.
ham,Happy birthday! Have a great day.
ham,Meeting has been shifted to 3 PM. These oil care.
ham,Your order has been delivered successfully.
ham,"Dinner is ready, come home soon. Away style husband born."
ham,Let's attend the class together.
spam,Exclusive deal just for you. Click the link.
ham,Meeting has been shifted to 3 PM.
spam,Limited time offer! Buy now and save huge.
ham,Don't forget the project submission. Effort letter employee return suddenly next long.
spam,Free vacation tickets available now.
ham,"Dinner is ready, come home soon."
spam,Free vacation tickets available now.
ham,"Hey, are we meeting tomorrow? Specific stand woman woman turn trial care town."
spam,Your account has been selected for a free reward.
spam,Earn money fast from home without investment.
spam,Limited time offer! Buy now and save huge.
spam,Exclusive deal just for you. Click the link.
spam,Get rich quickly with this secret method.
ham,Let's attend the class together.
spam,Urgent! Verify your bank account immediately.
spam,Get rich quickly with this secret method.
ham,"Dinner is ready, come home soon."
ham,Meeting has been shifted to 3 PM. Across player power many government a floor raise.
ham,Meeting has been shifted to 3 PM. Move past program outside professional laugh total.
spam,Free vacation tickets available now.
ham,Please send me the assignment notes. Pattern rate physical produce nice.
spam,Urgent! Verify your bank account immediately.
ham,Don't forget the project submission. Environment thing practice when plan write range.
spam,You have won a lottery worth $56913.
ham,Please send me the assignment notes.
spam,Earn money fast from home without investment.
spam,You have won a lottery worth $59251.
ham,Your order has been delivered successfully.
ham,Thanks for helping me yesterday. Each keep society leader television its.
ham,Meeting has been shifted to 3 PM. Bill prove nothing understand mention director.
spam,Earn money fast from home without investment.
ham,"Dinner is ready, come home soon."
spam,Limited time offer! Buy now and save huge.
spam,Urgent! Verify your bank account immediately.
spam,Your account has been selected for a free reward.
ham,Your order has been delivered successfully. Coach know collection admit.
spam,Congratulations! You won $77409 cash prize. Click now!
ham,Can you call me when you are free? Prevent new executive study training.
spam,Free vacation tickets available now.
spam,Free vacation tickets available now.
ham,Don't forget the project submission. Reality about measure she benefit perform.
ham,Happy birthday! Have a great day. Interview else within watch water spring whether mention.
spam,You have won a lottery worth $10240.
spam,Limited time offer! Buy now and save huge.
spam,Earn money fast from home without investment.
spam,Limited time offer! Buy now and save huge.
ham,Can you call me when you are free?
spam,You have won a lottery worth $31761.
ham,"Dinner is ready, come home soon."
ham,Don't forget the project submission.
ham,Can you call me when you are free?
ham,Your order has been delivered successfully.
spam,Earn money fast from home without investment.
ham,Don't forget the project submission. Three minute into idea.
spam,Free vacation tickets available now.
ham,Your order has been delivered successfully.
spam,Earn money fast from home without investment.
spam,Get rich quickly with this secret method.
ham,Thanks for helping me yesterday.
ham,Happy birthday! Have a great day.
ham,Thanks for helping me yesterday.
spam,Exclusive deal just for you. Click the link.
ham,Your order has been delivered successfully.
ham,Don't forget the project submission.
ham,Can you call me when you are free?
spam,You have won a lottery worth $20360.
ham,Thanks for helping me yesterday.
ham,"Hey, are we meeting tomorrow? Card enough among politics need well."
spam,Earn money fast from home without investment.
ham,Let's attend the class together. Else this we south.
ham,Meeting has been shifted to 3 PM.
ham,Don't forget the project submission. Onto or win kid see expert.
spam,Earn money fast from home without investment.
ham,Thanks for helping me yesterday. Writer material soldier.
ham,Can you call me when you are free?
spam,Your account has been selected for a free reward.
ham,Your order has been delivered successfully. Large western window executive nor once.
spam,Get rich quickly with this secret method.
ham,Meeting has been shifted to 3 PM. Later last tough full can want.
ham,Meeting has been shifted to 3 PM. System price yard condition industry author decision Mrs.
ham,"Hey, are we meeting tomorrow?"
ham,Can you call me when you are free?
ham,"Dinner is ready, come home soon. Occur ball hit move financial."
ham,Let's attend the class together.
spam,Get rich quickly with this secret method.
spam,Earn money fast from home without investment.
ham,Can you call me when you are free? Individual born foreign worker national executive plan.
spam,Get rich quickly with this secret method.
spam,Limited time offer! Buy now and save huge.
ham,Thanks for helping me yesterday. Responsibility girl structure prepare.
ham,Please send me the assignment notes.
ham,"Dinner is ready, come home soon. Way subject sometimes voice their various."
spam,Free vacation tickets available now.
ham,Can you call me when you are free?
spam,Earn money fast from home without investment.
ham,Meeting has been shifted to 3 PM. Current situation general above responsibility town.
ham,Happy birthday! Have a great day. Thank third current card nearly able stage.
spam,Claim your free iPhone today.
spam,Claim your free iPhone today.
spam,Exclusive deal just for you. Click the link.
spam,You have won a lottery worth $15391.
ham,Happy birthday! Have a great day. Positive get fine policy try person shake.
ham,"Hey, are we meeting tomorrow? Environment here involve down media partner."
ham,"Hey, are we meeting tomorrow? Picture partner have enter late end."
spam,Earn money fast from home without investment.
ham,Can you call me when you are free? Store physical peace pull apply draw capital.
ham,Happy birthday! Have a great day. Push south prevent building war.
ham,Happy birthday! Have a great day. Past issue positive despite middle.
spam,Your account has been selected for a free reward.
spam,Urgent! Verify your bank account immediately.
spam,Limited time offer! Buy now and save huge.
ham,Let's attend the class together. Project ground not middle care another.
ham,Your order has been delivered successfully.
spam,Your account has been selected for a free reward.
ham,"Hey, are we meeting tomorrow?"
spam,Urgent! Verify your bank account immediately.
ham,Happy birthday! Have a great day.
spam,Earn money fast from home without investment.
spam,Exclusive deal just for you. Click the link.
ham,Your order has been delivered successfully.
spam,Congratulations! You won $71578 cash prize. Click now!
ham,Your order has been delivered successfully.
ham,Let's attend the class together. Once outside rock future staff.
ham,Happy birthday! Have a great day. Public agency style ten beat section staff.
spam,Claim your free iPhone today.
spam,Limited time offer! Buy now and save huge.
ham,Meeting has been shifted to 3 PM. Exactly test animal wind involve despite.
ham,Please send me the assignment notes. Special focus sell sing protect half.
spam,Congratulations! You won $90591 cash prize. Click now!
spam,Your account has been selected for a free reward.
ham,"Hey, are we meeting tomorrow? However operation size page state hold clearly."
ham,Your order has been delivered successfully. Mind range technology real lawyer service.
ham,Let's attend the class together.
ham,"Hey, are we meeting tomorrow? Nearly child hope."
spam,You have won a lottery worth $77677.
ham,Happy birthday! Have a great day.
spam,Congratulations! You won $40816 cash prize. Click now!
ham,Can you call me when you are free? Event why seem whom discussion.
ham,Meeting has been shifted to 3 PM. Policy art car book follow data peace give.
spam,Get rich quickly with this secret method.
ham,Your order has been delivered successfully.
ham,Your order has been delivered successfully.
ham,"Hey, are we meeting tomorrow? Political just everything movement fight boy two."
ham,Don't forget the project submission.
spam,Free vacation tickets available now.
ham,Meeting has been shifted to 3 PM. Mouth whose suggest business theory.
ham,Your order has been delivered successfully.
spam,Your account has been selected for a free reward.
spam,Your account has been selected for a free reward.
ham,"Hey, are we meeting tomorrow?"
spam,Urgent! Verify your bank account immediately.
ham,Meeting has been shifted to 3 PM.
ham,Meeting has been shifted to 3 PM.
spam,Free vacation tickets available now.
ham,"Hey, are we meeting tomorrow?"
ham,Don't forget the project submission.
spam,You have won a lottery worth $99501.
spam,Limited time offer! Buy now and save huge.
ham,"Hey, are we meeting tomorrow? Public herself recognize so."
spam,Limited time offer! Buy now and save huge.
ham,Let's attend the class together.
ham,"Dinner is ready, come home soon. School attention nice."
ham,Your order has been delivered successfully.
ham,Happy birthday! Have a great day.
ham,Let's attend the class together.
ham,Meeting has been shifted to 3 PM.
ham,"Dinner is ready, come home soon. Line off total few wonder statement become."
spam,You have won a lottery worth $61980.
ham,Can you call me when you are free?
spam,Congratulations! You won $29577 cash prize. Click now!
ham,Please send me the assignment notes.
spam,Urgent! Verify your bank account immediately.
ham,Let's attend the class together.
spam,Limited time offer! Buy now and save huge.
spam,Urgent! Verify your bank account immediately.
ham,Don't forget the project submission. Interview local expert produce represent.
ham,Your order has been delivered successfully.
ham,Let's attend the class together.
ham,"Dinner is ready, come home soon. Federal scientist or such."
spam,Claim your free iPhone today.
ham,Meeting has been shifted to 3 PM. Operation such his participant station decide already southern.
spam,Exclusive deal just for you. Click the link.
ham,Can you call me when you are free? Start why everyone agreement.
ham,"Dinner is ready, come home soon."
ham,Thanks for helping me yesterday.
ham,Please send me the assignment notes. Since indeed condition couple theory certainly score.
spam,Your account has been selected for a free reward.
spam,Earn money fast from home without investment.
ham,"Dinner is ready, come home soon. Economic state name without."
spam,Urgent! Verify your bank account immediately.
spam,Earn money fast from home without investment.
ham,Meeting has been shifted to 3 PM. Baby major whole official.
spam,Limited time offer! Buy now and save huge.
spam,Get rich quickly with this secret method.
spam,Limited time offer! Buy now and save huge.
spam,Get rich quickly with this secret method.
spam,Urgent! Verify your bank account immediately.
spam,Your account has been selected for a free reward.
ham,"Hey, are we meeting tomorrow?"
ham,Can you call me when you are free?
ham,Let's attend the class together. Approach measure image security usually together remember.
ham,Don't forget the project submission. Person ever deep.
spam,Get rich quickly with this secret method.
ham,Meeting has been shifted to 3 PM. Nation forward next opportunity former.
spam,Your account has been selected for a free reward.
ham,Please send me the assignment notes. Boy cultural institution within time soldier really film.
spam,Get rich quickly with this secret method.
spam,You have won a lottery worth $57094.
ham,Thanks for helping me yesterday.
ham,Happy birthday! Have a great day. Another radio laugh everything region control.
ham,Don't forget the project submission. Staff beyond fight economy or.
ham,Don't forget the project submission. Rate point economic themselves above tax.
ham,Happy birthday! Have a great day. History talk wind just.
spam,You have won a lottery worth $54082.
ham,Please send me the assignment notes. Season know maintain think account.
ham,Meeting has been shifted to 3 PM. See morning hope skin stuff cost.
ham,"Hey, are we meeting tomorrow?"
ham,Can you call me when you are free?
ham,Don't forget the project submission.
spam,Exclusive deal just for you. Click the link.
ham,Meeting has been shifted to 3 PM.
ham,Let's attend the class together. Build third reflect attorney cup it member sort.
spam,You have won a lottery worth $95830.
ham,Thanks for helping me yesterday. Including policy suffer operation everyone science quite.
ham,Your order has been delivered successfully.
spam,Claim your free iPhone today.
ham,Thanks for helping me yesterday.
spam,Exclusive deal just for you. Click the link.
ham,Please send me the assignment notes.
ham,Happy birthday! Have a great day.
ham,Meeting has been shifted to 3 PM. Pretty continue campaign whom control certainly.
ham,Happy birthday! Have a great day.
ham,Meeting has been shifted to 3 PM.
ham,Can you call me when you are free?
ham,Your order has been delivered successfully.
spam,Congratulations! You won $37953 cash prize. Click now!
ham,"Dinner is ready, come home soon."
spam,Earn money fast from home without investment.
ham,Don't forget the project submission.
spam,Free vacation tickets available now.
ham,Let's attend the class together.
ham,Please send me the assignment notes. List tell view special short all.
ham,Thanks for helping me yesterday.
ham,"Dinner is ready, come home soon."
ham,Your order has been delivered successfully.
ham,Let's attend the class together.
spam,Free vacation tickets available now.
spam,Limited time offer! Buy now and save huge.
ham,"Hey, are we meeting tomorrow?"
ham,Happy birthday! Have a great day.
spam,Your account has been selected for a free reward.
spam,Claim your free iPhone today.
ham,Your order has been delivered successfully. Unit if energy what defense heart.
spam,You have won a lottery worth $95124.
ham,Your order has been delivered successfully. About one whatever street five.
ham,Let's attend the class together. Beat heavy say society ask six thank term.
ham,Meeting has been shifted to 3 PM. Early ready we act side.
spam,Exclusive deal just for you. Click the link.
ham,"Dinner is ready, come home soon. Us election meeting well low another."
ham,Don't forget the project submission. Difference character minute a.
spam,Exclusive deal just for you. Click the link.
ham,Please send me the assignment notes.
ham,Can you call me when you are free? Think street medical major fast seem sit.
ham,"Hey, are we meeting tomorrow?"
ham,"Hey, are we meeting tomorrow?"
spam,Get rich quickly with this secret method.
spam,Your account has been selected for a free reward.
spam,Claim your free iPhone today.
ham,"Hey, are we meeting tomorrow?"
spam,Claim your free iPhone today.
spam,Get rich quickly with this secret method.
spam,Limited time offer! Buy now and save huge.
spam,Exclusive deal just for you. Click the link.
ham,Meeting has been shifted to 3 PM. Back seat clear.
ham,Don't forget the project submission. That crime participant level town.
ham,Your order has been delivered successfully.
spam,Free vacation tickets available now.
spam,Free vacation tickets available now.
spam,Claim your free iPhone today.
spam,Free vacation tickets available now.
ham,"Dinner is ready, come home soon. Fall trade part oil."
spam,You have won a lottery worth $5499.
ham,"Hey, are we meeting tomorrow?"
ham,Thanks for helping me yesterday. Real finally without it.
ham,Meeting has been shifted to 3 PM.
ham,Happy birthday! Have a great day. Use pick community away green two.
spam,Urgent! Verify your bank account immediately.
spam,Free vacation tickets available now.
spam,Limited time offer! Buy now and save huge.
spam,Claim your free iPhone today.
ham,Please send me the assignment notes. Animal during appear animal finish air.
spam,You have won a lottery worth $17585.
spam,Free vacation tickets available now.
spam,Your account has been selected for a free reward.
ham,Can you call me when you are free?
spam,Claim your free iPhone today.
spam,Limited time offer! Buy now and save huge.
ham,Thanks for helping me yesterday.
ham,"Hey, are we meeting tomorrow?"
spam,Your account has been selected for a free reward.
ham,Meeting has been shifted to 3 PM.
spam,Earn money fast from home without investment.
ham,Let's attend the class together. Peace offer theory bed.
ham,Can you call me when you are free? Ahead conference listen its.
ham,Please send me the assignment notes.
spam,Get rich quickly with this secret method.
spam,Free vacation tickets available now.
spam,Congratulations! You won $94555 cash prize. Click now!
ham,Don't forget the project submission. Give important anything sister bring member.
ham,Thanks for helping me yesterday. Reason already none success debate.
spam,You have won a lottery worth $13707.
spam,Get rich quickly with this secret method.
ham,Don't forget the project submission. Claim less begin deal education push.
ham,Meeting has been shifted to 3 PM. Place across everybody buy a.
ham,"Dinner is ready, come home soon."
ham,Don't forget the project submission.
ham,"Dinner is ready, come home soon."
ham,Let's attend the class together.
ham,Meeting has been shifted to 3 PM.
spam,You have won a lottery worth $53349.
ham,Happy birthday! Have a great day.
spam,Exclusive deal just for you. Click the link.
ham,Your order has been delivered successfully.
ham,Let's attend the class together. Season professional good.
spam,Urgent! Verify your bank account immediately.
spam,Get rich quickly with this secret method.
spam,Exclusive deal just for you. Click the link.
ham,Thanks for helping me yesterday. Himself get film brother store.
ham,Can you call me when you are free? Wear unit positive seek.
ham,Happy birthday! Have a great day.
ham,Happy birthday! Have a great day.
spam,Congratulations! You won $33651 cash prize. Click now!
ham,Meeting has been shifted to 3 PM. Peace company skin majority public style shake especially.
spam,Your account has been selected for a free reward.
ham,Let's attend the class together. Down room statement.
ham,"Hey, are we meeting tomorrow?"
spam,Your account has been selected for a free reward.
ham,Meeting has been shifted to 3 PM. Hundred which chance property player herself ready quality.
spam,Your account has been selected for a free reward.
spam,Claim your free iPhone today.
spam,Exclusive deal just for you. Click the link.
ham,Meeting has been shifted to 3 PM. Price eye if.
ham,Happy birthday! Have a great day. Area establish attack woman law.
spam,You have won a lottery worth $69951.
ham,Let's attend the class together.
ham,Meeting has been shifted to 3 PM. Clearly performance key most one community performance.
spam,Exclusive deal just for you. Click the link.
spam,Your account has been selected for a free reward.
spam,Your account has been selected for a free reward.
spam,Earn money fast from home without investment.
ham,"Dinner is ready, come home soon."
ham,Happy birthday! Have a great day. Expert fill tree happy why send.
spam,Claim your free iPhone today.
ham,Happy birthday! Have a great day.
spam,You have won a lottery worth $3361.
spam,Urgent! Verify your bank account immediately.
spam,Claim your free iPhone today.
spam,Free vacation tickets available now.
ham,"Hey, are we meeting tomorrow?"
spam,Get rich quickly with this secret method.
ham,Don't forget the project submission. Hold attack whether tend race then budget make.
spam,Earn money fast from home without investment.
ham,Happy birthday! Have a great day. Green huge ground new hundred.
ham,"Dinner is ready, come home soon. Turn give far walk difficult eight recently either."
ham,Happy birthday! Have a great day.
ham,Let's attend the class together. Industry fly worker civil.
spam,You have won a lottery worth $68694.
ham,Happy birthday! Have a great day.
spam,Urgent! Verify your bank account immediately.
spam,Free vacation tickets available now.
spam,Claim your free iPhone today.
spam,Limited time offer! Buy now and save huge.
spam,Earn money fast from home without investment.
ham,Can you call me when you are free?
spam,Limited time offer! Buy now and save huge.
ham,Let's attend the class together.
spam,Limited time offer! Buy now and save huge.
ham,Thanks for helping me yesterday.
spam,Claim your free iPhone today.
spam,Limited time offer! Buy now and save huge.
spam,Urgent! Verify your bank account immediately.
ham,Happy birthday! Have a great day.
ham,"Dinner is ready, come home soon. Eye black respond site."
ham,Please send me the assignment notes. Ahead leg let.
spam,Urgent! Verify your bank account immediately.
spam,You have won a lottery worth $55083.
spam,Urgent! Verify your bank account immediately.
spam,You have won a lottery worth $17742.
spam,Exclusive deal just for you. Click the link.
ham,Thanks for helping me yesterday. Parent answer guy pay early she.
ham,Don't forget the project submission.
ham,Your order has been delivered successfully. Tax body easy try PM benefit reduce.
ham,"Dinner is ready, come home soon."
spam,Get rich quickly with this secret method.
ham,Your order has been delivered successfully. Five help lose or possible.
ham,Please send me the assignment notes. Treat down nice natural information drop.
spam,Get rich quickly with this secret method.
ham,Let's attend the class together.
spam,Earn money fast from home without investment.
ham,"Hey, are we meeting tomorrow? Bit simply side risk direction."
ham,Don't forget the project submission.
ham,Meeting has been shifted to 3 PM. Majority yourself a firm capital there parent.
spam,Exclusive deal just for you. Click the link.
spam,Free vacation tickets available now.
ham,Can you call me when you are free?
spam,Free vacation tickets available now.
spam,Your account has been selected for a free reward.
spam,You have won a lottery worth $67631.
spam,Free vacation tickets available now.
ham,Can you call me when you are free?
spam,Your account has been selected for a free reward.
ham,"Dinner is ready, come home soon. College sport serious view race mouth improve."
ham,"Dinner is ready, come home soon."
ham,Please send me the assignment notes.
ham,Please send me the assignment notes. Ready senior laugh major serve.
spam,Free vacation tickets available now.
spam,Your account has been selected for a free reward.
ham,Happy birthday! Have a great day. Represent education set remain between decade.
spam,Limited time offer! Buy now and save huge.
ham,Can you call me when you are free? Box whatever nice even Democrat beyond.
ham,Thanks for helping me yesterday. Less quickly tend glass.
spam,Congratulations! You won $46723 cash prize. Click now!
spam,Your account has been selected for a free reward.
spam,Free vacation tickets available now.
spam,Urgent! Verify your bank account immediately.
ham,Meeting has been shifted to 3 PM. Up coach also expect environmental loss doctor.
ham,"Hey, are we meeting tomorrow? Medical whatever want less authority."
ham,Let's attend the class together.
spam,Exclusive deal just for you. Click the link.
spam,Congratulations! You won $13685 cash prize. Click now!
spam,Urgent! Verify your bank account immediately.
ham,Meeting has been shifted to 3 PM. Determine war future near.
spam,Claim your free iPhone today.
ham,"Hey, are we meeting tomorrow?"
ham,"Dinner is ready, come home soon. Guess him budget."
spam,Earn money fast from home without investment.
ham,Please send me the assignment notes. Still determine peace.
ham,Don't forget the project submission.
spam,Urgent! Verify your bank account immediately.
spam,Urgent! Verify your bank account immediately.
ham,Meeting has been shifted to 3 PM.
ham,Thanks for helping me yesterday. Reduce evening film break soldier.
ham,Can you call me when you are free? Third push expect give general according.
spam,Get rich quickly with this secret method.
spam,Congratulations! You won $44127 cash prize. Click now!
ham,Your order has been delivered successfully. Public town country they however sort board.
spam,Your account has been selected for a free reward.
spam,Congratulations! You won $55468 cash prize. Click now!
spam,Free vacation tickets available now.
spam,Congratulations! You won $56013 cash prize. Click now!
spam,Earn money fast from home without investment.
spam,Free vacation tickets available now.
ham,Your order has been delivered successfully.
ham,Can you call me when you are free?
spam,Earn money fast from home without investment.
ham,Can you call me when you are free? Seat stock PM item peace course Congress.
ham,"Dinner is ready, come home soon."
ham,Your order has been delivered successfully. Former serious central direction.
ham,Happy birthday! Have a great day. Box couple wonder because.
spam,Urgent! Verify your bank account immediately.
spam,You have won a lottery worth $26883.
ham,Don't forget the project submission. Century order case lot eight usually.
spam,Limited time offer! Buy now and save huge.
spam,Your account has been selected for a free reward.
spam,Limited time offer! Buy now and save huge.
ham,Let's attend the class together.
spam,Exclusive deal just for you. Click the link.
spam,Congratulations! You won $17331 cash prize. Click now!
spam,Exclusive deal just for you. Click the link.
spam,Urgent! Verify your bank account immediately.
spam,Congratulations! You won $25652 cash prize. Click now!
ham,Happy birthday! Have a great day.
spam,Exclusive deal just for you. Click the link.
spam,Free vacation tickets available now.
ham,Your order has been delivered successfully.
ham,Can you call me when you are free? Hand focus audience forward spring research line.
spam,Get rich quickly with this secret method.
spam,You have won a lottery worth $6274.
ham,Let's attend the class together. Officer born strategy itself.
spam,Exclusive deal just for you. Click the link.
ham,Happy birthday! Have a great day.
spam,Your account has been selected for a free reward.
ham,Happy birthday! Have a great day. Entire necessary seven physical peace skin surface.
ham,Meeting has been shifted to 3 PM.
ham,Your order has been delivered successfully. Pass term agent.
ham,Can you call me when you are free?
spam,You have won a lottery worth $2008.
spam,Exclusive deal just for you. Click the link.
spam,Get rich quickly with this secret method.
spam,Free vacation tickets available now.
ham,Meeting has been shifted to 3 PM.
ham,Your order has been delivered successfully.
spam,Exclusive deal just for you. Click the link.
spam,Get rich quickly with this secret method.
ham,Let's attend the class together.
spam,Get rich quickly with this secret method.
spam,Get rich quickly with this secret method.
ham,Meeting has been shifted to 3 PM.
spam,You have won a lottery worth $29279.
spam,Congratulations! You won $16863 cash prize. Click now!
ham,Meeting has been shifted to 3 PM.
spam,Congratulations! You won $85433 cash prize. Click now!
ham,Don't forget the project submission.
ham,Can you call me when you are free? Hand central best probably family try.
ham,Meeting has been shifted to 3 PM. Feeling political usually anything police.
spam,You have won a lottery worth $85514.
spam,You have won a lottery worth $30524.
ham,Please send me the assignment notes. Act maybe alone forward state off reason property.
ham,Your order has been delivered successfully. Organization nation figure reflect.
spam,Congratulations! You won $43071 cash prize. Click now!
ham,Meeting has been shifted to 3 PM.
ham,Please send me the assignment notes. Type option college level easy support of moment.
spam,You have won a lottery worth $86828.
ham,"Dinner is ready, come home soon. Any lay answer officer."
ham,Happy birthday! Have a great day.
spam,Your account has been selected for a free reward.
ham,"Hey, are we meeting tomorrow? Money pay available then hundred low."
spam,Free vacation tickets available now.
spam,Claim your free iPhone today.
ham,Don't forget the project submission.
ham,"Hey, are we meeting tomorrow? Service put fly build Republican hour none."
spam,Claim your free iPhone today.
ham,Thanks for helping me yesterday.
ham,Let's attend the class together. Sort environmental play exactly speak.
spam,Free vacation tickets available now.
ham,"Hey, are we meeting tomorrow?"
spam,Exclusive deal just for you. Click the link.
ham,Thanks for helping me yesterday.
spam,You have won a lottery worth $21350.
spam,Claim your free iPhone today.
ham,Don't forget the project submission.
spam,Limited time offer! Buy now and save huge.
ham,Thanks for helping me yesterday. Visit use let occur cultural.
ham,Let's attend the class together. Step discussion agent.
spam,Exclusive deal just for you. Click the link.
spam,Get rich quickly with this secret method.
ham,Can you call me when you are free?
ham,Don't forget the project submission. Or board minute future.
ham,Happy birthday! Have a great day.
spam,Exclusive deal just for you. Click the link.
spam,Get rich quickly with this secret method.
spam,Congratulations! You won $58048 cash prize. Click now!
ham,Can you call me when you are free? Bit we experience help all.
spam,Your account has been selected for a free reward.
spam,Congratulations! You won $82035 cash prize. Click now!
ham,Happy birthday! Have a great day.
ham,"Dinner is ready, come home soon."
spam,Your account has been selected for a free reward.
spam,Claim your free iPhone today.
ham,"Dinner is ready, come home soon."
spam,Earn money fast from home without investment.
spam,Claim your free iPhone today.
spam,Free vacation tickets available now.
ham,Meeting has been shifted to 3 PM.
spam,You have won a lottery worth $29404.
ham,Let's attend the class together.
spam,Urgent! Verify your bank account immediately.
ham,Please send me the assignment notes. How just machine street suggest fund anything.
spam,Your account has been selected for a free reward.
ham,Don't forget the project submission.
spam,Earn money fast from home without investment.
spam,Your account has been selected for a free reward.
ham,Let's attend the class together. Carry for however force couple.
spam,Get rich quickly with this secret method.
ham,Don't forget the project submission. Forget pretty arm how idea.
spam,Urgent! Verify your bank account immediately.
ham,Can you call me when you are free?
spam,Exclusive deal just for you. Click the link.
spam,Urgent! Verify your bank account immediately.
spam,Get rich quickly with this secret method.
spam,Earn money fast from home without investment.
ham,Meeting has been shifted to 3 PM.
spam,Claim your free iPhone today.
ham,Happy birthday! Have a great day.
spam,Congratulations! You won $14866 cash prize. Click now!
spam,Limited time offer! Buy now and save huge.
spam,Get rich quickly with this secret method.
spam,Your account has been selected for a free reward.
ham,"Dinner is ready, come home soon. Move high write black whose order."
ham,"Hey, are we meeting tomorrow?"
spam,You have won a lottery worth $78682.
ham,Don't forget the project submission.
ham,Thanks for helping me yesterday.
spam,Claim your free iPhone today.
ham,"Hey, are we meeting tomorrow?"
ham,"Hey, are we meeting tomorrow?"
spam,Limited time offer! Buy now and save huge.
spam,Get rich quickly with this secret method.
ham,Please send me the assignment notes. Professor begin analysis.
spam,Exclusive deal just for you. Click the link.
ham,Thanks for helping me yesterday. Maintain sort oil continue also good finish.
ham,Thanks for helping me yesterday.
ham,Thanks for helping me yesterday. Entire word edge good discuss party whatever.
spam,Earn money fast from home without investment.
ham,"Hey, are we meeting tomorrow?"
ham,Thanks for helping me yesterday. Church consider well national.
spam,Limited time offer! Buy now and save huge.
spam,Exclusive deal just for you. Click the link.
spam,Get rich quickly with this secret method.
spam,Exclusive deal just for you. Click the link.
ham,Happy birthday! Have a great day. These drop act sport grow laugh that game.
spam,You have won a lottery worth $3074.
ham,Thanks for helping me yesterday.
ham,Happy birthday! Have a great day.
ham,Can you call me when you are free? Century defense sometimes relationship alone wonder then.
spam,Urgent! Verify your bank account immediately.
ham,Thanks for helping me yesterday.
ham,Let's attend the class together.
spam,Exclusive deal just for you. Click the link.
spam,Urgent! Verify your bank account immediately.
ham,Let's attend the class together.
ham,Can you call me when you are free?
ham,"Hey, are we meeting tomorrow? Particularly relate home cost do reveal discover."
ham,Can you call me when you are free?
spam,Free vacation tickets available now.
ham,Let's attend the class together. He fast watch bring.
spam,Urgent! Verify your bank account immediately.
spam,Your account has been selected for a free reward.
ham,Meeting has been shifted to 3 PM. Source top grow check mean.
ham,Your order has been delivered successfully.
ham,"Hey, are we meeting tomorrow? Coach kid have behind."
ham,"Hey, are we meeting tomorrow?"
spam,Limited time offer! Buy now and save huge.
ham,Happy birthday! Have a great day.
spam,Claim your free iPhone today.
spam,Your account has been selected for a free reward.
spam,Get rich quickly with this secret method.
spam,Your account has been selected for a free reward.
ham,Happy birthday! Have a great day. Through prepare happy structure same nothing.
spam,Free vacation tickets available now.
spam,Your account has been selected for a free reward.
ham,Meeting has been shifted to 3 PM. Understand hope learn.
spam,Get rich quickly with this secret method.
ham,"Hey, are we meeting tomorrow? Modern because number coach race social beat."
ham,Thanks for helping me yesterday.
spam,Claim your free iPhone today.
spam,Earn money fast from home without investment.
ham,Happy birthday! Have a great day.
spam,Get rich quickly with this secret method.
ham,Don't forget the project submission.
ham,Don't forget the project submission. Hard rather success hope their several.
spam,Earn money fast from home without investment.
spam,Exclusive deal just for you. Click the link.
spam,Exclusive deal just for you. Click the link.
spam,Claim your free iPhone today.
spam,Limited time offer! Buy now and save huge.
spam,Urgent! Verify your bank account immediately.
spam,Free vacation tickets available now.
spam,Congratulations! You won $24644 cash prize. Click now!
ham,"Dinner is ready, come home soon."
spam,Free vacation tickets available now.
ham,Don't forget the project submission. Example third structure long act.
ham,Happy birthday! Have a great day.
spam,Urgent! Verify your bank account immediately.
spam,Urgent! Verify your bank account immediately.
ham,"Dinner is ready, come home soon. Call stock help star."
spam,Earn money fast from home without investment.
ham,Meeting has been shifted to 3 PM. Performance weight life.
ham,Can you call me when you are free?
ham,Meeting has been shifted to 3 PM.
spam,Get rich quickly with this secret method.
spam,Earn money fast from home without investment.
spam,Congratulations! You won $6400 cash prize. Click now!
ham,Let's attend the class together. What its young there seven budget.
spam,Claim your free iPhone today.
spam,Congratulations! You won $77130 cash prize. Click now!
spam,Your account has been selected for a free reward.
ham,"Dinner is ready, come home soon. Let game week his may."
ham,Let's attend the class together.
spam,Free vacation tickets available now.
ham,Happy birthday! Have a great day. Crime white able pressure boy put program.
spam,Earn money fast from home without investment.
ham,Meeting has been shifted to 3 PM. Local tend three direction.
ham,Can you call me when you are free?
ham,Please send me the assignment notes.
spam,Urgent! Verify your bank account immediately.
spam,Limited time offer! Buy now and save huge.
spam,You have won a lottery worth $87968.
spam,Earn money fast from home without investment.
ham,"Hey, are we meeting tomorrow? Visit smile sure free."
spam,Free vacation tickets available now.
spam,Your account has been selected for a free reward.
spam,Get rich quickly with this secret method.
ham,Can you call me when you are free? Deal or should music audience better.
ham,Please send me the assignment notes.
spam,Limited time offer! Buy now and save huge.
ham,Let's attend the class together. Experience process teach.
ham,"Dinner is ready, come home soon. We give attorney a new."
ham,"Hey, are we meeting tomorrow? Democrat thing show fill."
ham,Let's attend the class together.
ham,Your order has been delivered successfully. Star difference general training economic society these.
spam,Limited time offer! Buy now and save huge.
ham,"Hey, are we meeting tomorrow? Show environment pressure build less."
ham,Meeting has been shifted to 3 PM.
spam,Get rich quickly with this secret method.
spam,Congratulations! You won $90899 cash prize. Click now!
ham,Let's attend the class together.
spam,Exclusive deal just for you. Click the link.
spam,Claim your free iPhone today.
ham,Thanks for helping me yesterday.
spam,Limited time offer! Buy now and save huge.
ham,Meeting has been shifted to 3 PM.
spam,Exclusive deal just for you. Click the link.
spam,Claim your free iPhone today.
spam,Get rich quickly with this secret method.
ham,Can you call me when you are free?
spam,Limited time offer! Buy now and save huge.
spam,Free vacation tickets available now.
ham,Don't forget the project submission.
ham,"Hey, are we meeting tomorrow?"
ham,"Hey, are we meeting tomorrow? Race down single amount democratic."
spam,Free vacation tickets available now.
ham,Meeting has been shifted to 3 PM.
ham,Please send me the assignment notes.
spam,Your account has been selected for a free reward.
spam,Exclusive deal just for you. Click the link.
spam,Earn money fast from home without investment.
spam,You have won a lottery worth $65603.
ham,"Dinner is ready, come home soon."
spam,You have won a lottery worth $54016.
ham,Happy birthday! Have a great day.
ham,Please send me the assignment notes.
spam,Congratulations! You won $95736 cash prize. Click now!
ham,Let's attend the class together. Special check respond start fire anything.
spam,Claim your free iPhone today.
ham,Thanks for helping me yesterday. Under put beat pull skin there crime.
ham,"Hey, are we meeting tomorrow?"
ham,Happy birthday! Have a great day.
spam,Get rich quickly with this secret method.
spam,Your account has been selected for a free reward.
spam,You have won a lottery worth $55937.
spam,Congratulations! You won $74517 cash prize. Click now!
ham,Your order has been delivered successfully.
spam,Free vacation tickets available now.
spam,Claim your free iPhone today.
ham,Thanks for helping me yesterday.
ham,Happy birthday! Have a great day.
ham,Let's attend the class together.
ham,"Hey, are we meeting tomorrow? Green start sign economy effort animal city."
ham,Please send me the assignment notes.
spam,You have won a lottery worth $84581.
spam,Earn money fast from home without investment.
spam,You have won a lottery worth $65303.
spam,Your account has been selected for a free reward.
spam,Your account has been selected for a free reward.
spam,Urgent! Verify your bank account immediately.
spam,You have won a lottery worth $83980.
spam,Free vacation tickets available now.
ham,Meeting has been shifted to 3 PM.
spam,Claim your free iPhone today.
ham,Please send me the assignment notes. Large development key indeed.
ham,Please send me the assignment notes. New chair travel source business.
spam,Earn money fast from home without investment.
ham,Meeting has been shifted to 3 PM. List take worry employee support partner.
spam,Congratulations! You won $9674 cash prize. Click now!
spam,Exclusive deal just for you. Click the link.
spam,Limited time offer! Buy now and save huge.
spam,Exclusive deal just for you. Click the link.
spam,You have won a lottery worth $1647.
ham,Happy birthday! Have a great day. Budget read require discussion look key.
spam,Limited time offer! Buy now and save huge.
spam,Claim your free iPhone today.
ham,Can you call me when you are free? Point school ground key well computer.
spam,Claim your free iPhone today.
ham,"Dinner is ready, come home soon."
spam,Claim your free iPhone today.
spam,Your account has been selected for a free reward.
spam,Your account has been selected for a free reward.
spam,Earn money fast from home without investment.
spam,You have won a lottery worth $65637.
ham,Can you call me when you are free? Teach follow big.
spam,Free vacation tickets available now.
ham,Please send me the assignment notes.
spam,Your account has been selected for a free reward.
ham,"Dinner is ready, come home soon. Range in size relate economic."
spam,Claim your free iPhone today.
spam,Exclusive deal just for you. Click the link.
ham,Can you call me when you are free? Be tree which garden two response determine.
spam,Congratulations! You won $87840 cash prize. Click now!
ham,"Hey, are we meeting tomorrow?"
spam,Exclusive deal just for you. Click the link.
spam,Claim your free iPhone today.
spam,Your account has been selected for a free reward.
spam,Congratulations! You won $47281 cash prize. Click now!
spam,Claim your free iPhone today.
ham,Thanks for helping me yesterday.
ham,"Hey, are we meeting tomorrow?"
spam,Earn money fast from home without investment.
ham,Meeting has been shifted to 3 PM.
spam,Congratulations! You won $28106 cash prize. Click now!
ham,Happy birthday! Have a great day. Manage assume enough short open.
spam,Free vacation tickets available now.
spam,Earn money fast from home without investment.
ham,Happy birthday! Have a great day.
spam,Free vacation tickets available now.
ham,Thanks for helping me yesterday.
ham,Your order has been delivered successfully.
ham,Meeting has been shifted to 3 PM.
spam,Urgent! Verify your bank account immediately.
spam,Get rich quickly with this secret method.
spam,Exclusive deal just for you. Click the link.
ham,Meeting has been shifted to 3 PM. Song affect news in more.
spam,Congratulations! You won $41283 cash prize. Click now!
spam,Earn money fast from home without investment.
ham,Happy birthday! Have a great day.
ham,Happy birthday! Have a great day.
spam,Get rich quickly with this secret method.
ham,Thanks for helping me yesterday. Leave cover accept rather late cup something.
ham,Let's attend the class together. How billion tree pay.
spam,Earn money fast from home without investment.
spam,You have won a lottery worth $18838.
spam,Limited time offer! Buy now and save huge.
spam,You have won a lottery worth $6875.
spam,Get rich quickly with this secret method.
spam,Get rich quickly with this secret method.
spam,Get rich quickly with this secret method.
ham,Thanks for helping me yesterday.
ham,Don't forget the project submission.
spam,Limited time offer! Buy now and save huge.
ham,Let's attend the class together. Near city shoulder believe.
spam,Congratulations! You won $37724 cash prize. Click now!
ham,Your order has been delivered successfully.
ham,Let's attend the class together. School always stop easy direction.
ham,Meeting has been shifted to 3 PM.
ham,Meeting has been shifted to 3 PM.
ham,"Hey, are we meeting tomorrow?"
spam,Limited time offer! Buy now and save huge.
ham,"Hey, are we meeting tomorrow?"
spam,Your account has been selected for a free reward.
ham,Your order has been delivered successfully. Week social floor change fire decision away notice.
ham,Meeting has been shifted to 3 PM. Near peace fire simple special school especially doctor.
ham,Can you call me when you are free?
ham,"Hey, are we meeting tomorrow? Certain behavior low late TV either arrive into."
spam,Free vacation tickets available now.
ham,Thanks for helping me yesterday. Note us attack according just last so.
ham,Don't forget the project submission.
spam,Get rich quickly with this secret method.
spam,Urgent! Verify your bank account immediately.
spam,Limited time offer! Buy now and save huge.
spam,Congratulations! You won $14215 cash prize. Click now!
spam,Claim your free iPhone today.
ham,Please send me the assignment notes.
ham,Don't forget the project submission. Page once magazine theory world brother.
spam,Exclusive deal just for you. Click the link.
ham,Don't forget the project submission.
ham,Let's attend the class together.
ham,Thanks for helping me yesterday.
spam,Exclusive deal just for you. Click the link.
spam,Your account has been selected for a free reward.
spam,Your account has been selected for a free reward.
spam,Free vacation tickets available now.
spam,Congratulations! You won $50558 cash prize. Click now!
spam,Get rich quickly with this secret method.
spam,Claim your free iPhone today.
spam,Congratulations! You won $21458 cash prize. Click now!
ham,Thanks for helping me yesterday. Too now program administration hand price.
ham,Happy birthday! Have a great day.
spam,Your account has been selected for a free reward.
spam,Exclusive deal just for you. Click the link.
ham,Don't forget the project submission.
ham,Don't forget the project submission.
spam,Urgent! Verify your bank account immediately.
spam,Free vacation tickets available now.
spam,You have won a lottery worth $12219.
ham,Happy birthday! Have a great day. Identify prevent set language position Mrs.
ham,"Dinner is ready, come home soon."
spam,Congratulations! You won $27074 cash prize. Click now!
spam,Exclusive deal just for you. Click the link.
spam,Free vacation tickets available now.
ham,"Dinner is ready, come home soon."
spam,Urgent! Verify your bank account immediately.
spam,Free vacation tickets available now.
ham,"Hey, are we meeting tomorrow? Certainly hard black consider try."
ham,Let's attend the class together.
ham,"Dinner is ready, come home soon. Well store wonder fire station chance brother lead."
spam,Get rich quickly with this secret method.
spam,Claim your free iPhone today.
spam,Exclusive deal just for you. Click the link.
spam,Free vacation tickets available now.
ham,"Dinner is ready, come home soon."
spam,Congratulations! You won $83721 cash prize. Click now!
spam,Urgent! Verify your bank account immediately.
ham,Thanks for helping me yesterday. Which another side rise sea half.
ham,"Hey, are we meeting tomorrow?"
ham,Don't forget the project submission.
spam,Claim your free iPhone today.
ham,Happy birthday! Have a great day.
spam,Congratulations! You won $6177 cash prize. Click now!
spam,You have won a lottery worth $7878.
spam,You have won a lottery worth $92683.
spam,You have won a lottery worth $25259.
spam,Urgent! Verify your bank account immediately.
spam,Get rich quickly with this secret method.
spam,Get rich quickly with this secret method.
spam,Earn money fast from home without investment.
spam,Exclusive deal just for you. Click the link.
spam,Claim your free iPhone today.
ham,Your order has been delivered successfully.
spam,Earn money fast from home without investment.
ham,"Dinner is ready, come home soon. Mr yet draw office despite book station."
spam,Claim your free iPhone today.
ham,Thanks for helping me yesterday.
ham,Please send me the assignment notes.
ham,Can you call me when you are free? Onto risk kind sister.
ham,Happy birthday! Have a great day.
spam,Claim your free iPhone today.
spam,Claim your free iPhone today.
spam,You have won a lottery worth $33510.
ham,"Hey, are we meeting tomorrow? Another Congress government company ten protect career."
ham,Meeting has been shifted to 3 PM.
ham,Thanks for helping me yesterday. Long form about benefit.
ham,Meeting has been shifted to 3 PM. Apply Mr whatever half weight.
spam,Congratulations! You won $34586 cash prize. Click now!
spam,Your account has been selected for a free reward.
ham,"Dinner is ready, come home soon."
ham,Don't forget the project submission.
ham,"Dinner is ready, come home soon. Behind town situation control huge."
spam,Limited time offer! Buy now and save huge.
spam,Free vacation tickets available now.
spam,Limited time offer! Buy now and save huge.
spam,Your account has been selected for a free reward.
spam,You have won a lottery worth $51119.
spam,Earn money fast from home without investment.
ham,Don't forget the project submission. Commercial system camera friend now determine pressure.
ham,Please send me the assignment notes.
spam,Congratulations! You won $23941 cash prize. Click now!
spam,Congratulations! You won $42554 cash prize. Click now!
spam,Urgent! Verify your bank account immediately.
ham,Please send me the assignment notes. State society traditional size growth statement director.
ham,Can you call me when you are free? Decision ball executive learn budget marriage trouble far.
spam,Free vacation tickets available now.
ham,Thanks for helping me yesterday.
ham,Please send me the assignment notes. Energy former almost low list once.
ham,"Dinner is ready, come home soon. Movement turn dream."
spam,Earn money fast from home without investment.
spam,Claim your free iPhone today.
ham,Your order has been delivered successfully. Lot face amount ok.
spam,Exclusive deal just for you. Click the link.
ham,Can you call me when you are free? Commercial Mrs hear successful head rest opportunity around.
ham,Please send me the assignment notes. Tree use around whatever thought remain deal.
spam,Claim your free iPhone today.
ham,Please send me the assignment notes. Action everything organization big might.
spam,Your account has been selected for a free reward.
ham,Can you call me when you are free? Decade democratic believe wall significant likely different American.
spam,You have won a lottery worth $11192.
ham,"Dinner is ready, come home soon. Reflect mention region."
spam,Congratulations! You won $10159 cash prize. Click now!
ham,Can you call me when you are free?
spam,Get rich quickly with this secret method.
ham,Thanks for helping me yesterday.
spam,Your account has been selected for a free reward.
spam,Congratulations! You won $34518 cash prize. Click now!
spam,Free vacation tickets available now.
spam,Congratulations! You won $11027 cash prize. Click now!
ham,Thanks for helping me yesterday. Break seven push anyone total west.
ham,Thanks for helping me yesterday. Trip open case history.
spam,Urgent! Verify your bank account immediately.
ham,Let's attend the class together.
ham,Meeting has been shifted to 3 PM.
spam,Get rich quickly with this secret method.
spam,Exclusive deal just for you. Click the link.
ham,"Dinner is ready, come home soon."
spam,Exclusive deal just for you. Click the link.
ham,Let's attend the class together.
spam,Your account has been selected for a free reward.
ham,Happy birthday! Have a great day.
ham,Happy birthday! Have a great day.
ham,Thanks for helping me yesterday.
ham,Happy birthday! Have a great day.
ham,Don't forget the project submission. Choice nature alone today close.
spam,Free vacation tickets available now.
spam,Limited time offer! Buy now and save huge.
ham,Please send me the assignment notes. Few help move choose may understand ago.
spam,Congratulations! You won $50639 cash prize. Click now!
ham,Don't forget the project submission. May garden read attention group wind spend.
ham,"Dinner is ready, come home soon. Civil quite line let."
ham,Happy birthday! Have a great day.
spam,Exclusive deal just for you. Click the link.
spam,Earn money fast from home without investment.
spam,Get rich quickly with this secret method.
spam,Urgent! Verify your bank account immediately.
spam,Get rich quickly with this secret method.
spam,You have won a lottery worth $11841.
ham,Please send me the assignment notes. Surface life though reduce many only anyone assume.
spam,Limited time offer! Buy now and save huge.
ham,Let's attend the class together. Find technology would purpose cause she.
ham,Can you call me when you are free?
spam,You have won a lottery worth $73128.
spam,Get rich quickly with this secret method.
ham,"Dinner is ready, come home soon."
ham,"Dinner is ready, come home soon. Tv vote ball somebody necessary quickly."
ham,Can you call me when you are free? Huge much after result walk suffer.
spam,Free vacation tickets available now.
spam,Free vacation tickets available now.
ham,"Dinner is ready, come home soon. Citizen nearly win old letter recognize."
spam,Exclusive deal just for you. Click the link.
spam,Get rich quickly with this secret method.
ham,Happy birthday! Have a great day. Tv age learn detail these billion great.
spam,Exclusive deal just for you. Click the link.
ham,Let's attend the class together.
spam,Claim your free iPhone today.
spam,Claim your free iPhone today.
spam,Exclusive deal just for you. Click the link.
ham,"Dinner is ready, come home soon."
spam,Urgent! Verify your bank account immediately.
spam,Urgent! Verify your bank account immediately.
ham,Can you call me when you are free? Fund kid of property paper.
spam,Get rich quickly with this secret method.
spam,Your account has been selected for a free reward.
ham,Happy birthday! Have a great day.
ham,Thanks for helping me yesterday. Onto public finish call speak word number.
spam,Claim your free iPhone today.
ham,"Dinner is ready, come home soon. We model degree evidence music."
spam,Free vacation tickets available now.
ham,Your order has been delivered successfully. Suddenly cause leader between.
ham,Meeting has been shifted to 3 PM. Together professor that without true threat within individual.
ham,Happy birthday! Have a great day.
ham,Your order has been delivered successfully.
spam,Your account has been selected for a free reward.
spam,Congratulations! You won $38925 cash prize. Click now!
ham,Please send me the assignment notes.
spam,Your account has been selected for a free reward.
ham,Please send me the assignment notes.
spam,Exclusive deal just for you. Click the link.
spam,Congratulations! You won $95508 cash prize. Click now!
spam,Exclusive deal just for you. Click the link.
spam,Earn money fast from home without investment.
spam,You have won a lottery worth $4327.
spam,Congratulations! You won $27463 cash prize. Click now!
spam,Limited time offer! Buy now and save huge.
spam,Exclusive deal just for you. Click the link.
spam,Earn money fast from home without investment.
spam,Congratulations! You won $64729 cash prize. Click now!
ham,Please send me the assignment notes.
spam,Get rich quickly with this secret method.
spam,Congratulations! You won $1557 cash prize. Click now!
spam,Exclusive deal just for you. Click the link.
spam,Exclusive deal just for you. Click the link.
spam,Earn money fast from home without investment.
ham,Can you call me when you are free? Model day serve five option.
ham,Thanks for helping me yesterday.
ham,Meeting has been shifted to 3 PM. Worker those service evidence no away.
spam,Your account has been selected for a free reward.
ham,Thanks for helping me yesterday.
ham,Can you call me when you are free?
spam,Free vacation tickets available now.
ham,Don't forget the project submission. Site development always after pressure place trial.
spam,Get rich quickly with this secret method.
spam,You have won a lottery worth $56764.
ham,Your order has been delivered successfully. Son recent cold practice be choice hold cover.
spam,Urgent! Verify your bank account immediately.
spam,You have won a lottery worth $73698.
spam,Your account has been selected for a free reward.
ham,Don't forget the project submission.
ham,Happy birthday! Have a great day.
spam,Free vacation tickets available now.
spam,You have won a lottery worth $72135.
ham,Please send me the assignment notes. Term consider company fire.
ham,Let's attend the class together.
ham,Thanks for helping me yesterday.
spam,Your account has been selected for a free reward.
ham,"Dinner is ready, come home soon. Consider sure school small before for drug."
ham,Let's attend the class together. Blood health plant such rule over.
spam,Urgent! Verify your bank account immediately.
ham,Happy birthday! Have a great day. Production their performance role increase fast.
spam,Claim your free iPhone today.
spam,Get rich quickly with this secret method.
ham,Meeting has been shifted to 3 PM. Indicate defense rule natural audience commercial cut.
ham,"Dinner is ready, come home soon. Player course change wife laugh enter."
ham,Don't forget the project submission. Woman rich own off career.
spam,Exclusive deal just for you. Click the link.
ham,Happy birthday! Have a great day. School loss edge political.
ham,Meeting has been shifted to 3 PM. Matter reduce focus speech real song and reality.
ham,Please send me the assignment notes. Win health vote imagine do.
ham,Meeting has been shifted to 3 PM. Past large fund list.
spam,Urgent! Verify your bank account immediately.
spam,Claim your free iPhone today.
spam,Free vacation tickets available now.
spam,Your account has been selected for a free reward.
ham,Happy birthday! Have a great day.
ham,"Hey, are we meeting tomorrow?"
ham,Don't forget the project submission.
spam,Limited time offer! Buy now and save huge.
spam,Claim your free iPhone today.
spam,Congratulations! You won $68765 cash prize. Click now!
ham,Let's attend the class together.
spam,Limited time offer! Buy now and save huge.
ham,"Hey, are we meeting tomorrow?"
spam,Limited time offer! Buy now and save huge.
spam,Claim your free iPhone today.
spam,Get rich quickly with this secret method.
spam,You have won a lottery worth $15659.
spam,Congratulations! You won $85958 cash prize. Click now!
ham,Let's attend the class together.
spam,You have won a lottery worth $92477.
spam,Claim your free iPhone today.
ham,Your order has been delivered successfully. Either key Mr develop author their race.
ham,Happy birthday! Have a great day. Sound million thank also.
ham,"Hey, are we meeting tomorrow?"
spam,Free vacation tickets available now.
ham,Can you call me when you are free? Player PM soon husband.
ham,Happy birthday! Have a great day. Too some by room new drop image local.
ham,Thanks for helping me yesterday. On do yeah sell Mrs.
spam,You have won a lottery worth $21322.
ham,Let's attend the class together. Democrat people be goal represent visit.
ham,Don't forget the project submission.
spam,You have won a lottery worth $23427.
ham,"Dinner is ready, come home soon."
ham,Don't forget the project submission. Across unit tough memory team within describe beat.
ham,"Hey, are we meeting tomorrow? Could start window ready."
spam,You have won a lottery worth $8400.
ham,"Hey, are we meeting tomorrow?"
spam,Free vacation tickets available now.
spam,Earn money fast from home without investment.
ham,Thanks for helping me yesterday. Performance daughter want.
ham,"Dinner is ready, come home soon."
spam,Exclusive deal just for you. Click the link.
ham,Thanks for helping me yesterday.
ham,Can you call me when you are free?
ham,Let's attend the class together. Rise article once conference.
spam,Limited time offer! Buy now and save huge.
spam,Your account has been selected for a free reward.
ham,Can you call me when you are free?
spam,Congratulations! You won $80729 cash prize. Click now!
ham,Your order has been delivered successfully.
spam,Free vacation tickets available now.
spam,Claim your free iPhone today.
spam,Free vacation tickets available now.
spam,Congratulations! You won $94042 cash prize. Click now!
spam,Congratulations! You won $53261 cash prize. Click now!
ham,Happy birthday! Have a great day.
ham,Let's attend the class together.
spam,Get rich quickly with this secret method.
spam,Exclusive deal just for you. Click the link.
spam,Your account has been selected for a free reward.
spam,Earn money fast from home without investment.
ham,Please send me the assignment notes. Choose history order alone.
ham,"Dinner is ready, come home soon."
spam,Your account has been selected for a free reward.
spam,Your account has been selected for a free reward.
spam,Congratulations! You won $64342 cash prize. Click now!
spam,Urgent! Verify your bank account immediately.
spam,Get rich quickly with this secret method.
spam,Congratulations! You won $4874 cash prize. Click now!
ham,"Dinner is ready, come home soon."
ham,Please send me the assignment notes.
ham,"Dinner is ready, come home soon. Ten me woman statement million structure."
spam,Claim your free iPhone today.
ham,Thanks for helping me yesterday. Town point tend image.
spam,Your account has been selected for a free reward.
ham,Happy birthday! Have a great day. Avoid fish owner.
spam,Get rich quickly with this secret method.
ham,Your order has been delivered successfully.
ham,Please send me the assignment notes.
ham,Your order has been delivered successfully. Record subject attention church beat popular.
ham,Thanks for helping me yesterday. Plant special beautiful near.
spam,Exclusive deal just for you. Click the link.
ham,Let's attend the class together.
spam,Your account has been selected for a free reward.
spam,Urgent! Verify your bank account immediately.
ham,"Dinner is ready, come home soon. Pretty up beautiful rock like idea himself energy."
spam,Congratulations! You won $24061 cash prize. Click now!
spam,Free vacation tickets available now.
ham,Don't forget the project submission. Forward peace adult source reduce.
ham,"Dinner is ready, come home soon. Energy threat company money argue six."
spam,Earn money fast from home without investment.
ham,Don't forget the project submission. Again boy five avoid.
ham,Your order has been delivered successfully.
spam,You have won a lottery worth $23106.
spam,Limited time offer! Buy now and save huge.
ham,Don't forget the project submission.
spam,Earn money fast from home without investment.
spam,Urgent! Verify your bank account immediately.
spam,Earn money fast from home without investment.
ham,Don't forget the project submission.
ham,Your order has been delivered successfully.
ham,Let's attend the class together. Range everything billion until get too threat officer.
spam,Your account has been selected for a free reward.
ham,Happy birthday! Have a great day. Bar miss take risk season yourself cold up.
ham,Happy birthday! Have a great day. Executive shoulder human method throw weight.
spam,You have won a lottery worth $58692.
spam,Urgent! Verify your bank account immediately.
ham,Can you call me when you are free? Mention almost rock respond.
ham,"Dinner is ready, come home soon."
spam,You have won a lottery worth $7437.
spam,Congratulations! You won $54234 cash prize. Click now!
spam,Exclusive deal just for you. Click the link.
ham,Your order has been delivered successfully.
ham,"Hey, are we meeting tomorrow? Five identify grow street government word."
ham,Meeting has been shifted to 3 PM. Find north floor to.
spam,Free vacation tickets available now.
spam,Claim your free iPhone today.
ham,Meeting has been shifted to 3 PM. Pressure idea couple call box.
ham,"Hey, are we meeting tomorrow?"
ham,Your order has been delivered successfully.
spam,Congratulations! You won $28017 cash prize. Click now!
ham,Your order has been delivered successfully. Middle current from soon without pattern friend.
spam,Free vacation tickets available now.
spam,Get rich quickly with this secret method.
ham,Happy birthday! Have a great day.
ham,Meeting has been shifted to 3 PM.
ham,Meeting has been shifted to 3 PM. Above help soon left various.
ham,Don't forget the project submission. Western from morning shoulder.
spam,Limited time offer! Buy now and save huge.
spam,Claim your free iPhone today.
spam,Earn money fast from home without investment.
spam,You have won a lottery worth $41190.
ham,Happy birthday! Have a great day.
spam,Claim your free iPhone today.
ham,Your order has been delivered successfully. Down blood audience.
spam,Get rich quickly with this secret method.
spam,Your account has been selected for a free reward.
spam,Limited time offer! Buy now and save huge.
spam,Get rich quickly with this secret method.
spam,Exclusive deal just for you. Click the link.
spam,Exclusive deal just for you. Click the link.
spam,Get rich quickly with this secret method.
spam,You have won a lottery worth $18295.
spam,Exclusive deal just for you. Click the link.
ham,"Dinner is ready, come home soon. Republican worry send building."
spam,Congratulations! You won $35416 cash prize. Click now!
ham,Thanks for helping me yesterday. Candidate billion guy from.
spam,Claim your free iPhone today.
spam,Exclusive deal just for you. Click the link.
ham,Let's attend the class together.
spam,Exclusive deal just for you. Click the link.
spam,Your account has been selected for a free reward.
ham,"Dinner is ready, come home soon. Room hotel speech doctor season."
spam,Exclusive deal just for you. Click the link.
spam,You have won a lottery worth $89714.
ham,Happy birthday! Have a great day.
ham,Thanks for helping me yesterday. Whose marriage film card term argue.
spam,Exclusive deal just for you. Click the link.
spam,Free vacation tickets available now.
spam,Earn money fast from home without investment.
ham,Can you call me when you are free? Company day suddenly security picture old base.
spam,Congratulations! You won $11320 cash prize. Click now!
spam,Claim your free iPhone today.
ham,"Dinner is ready, come home soon."
spam,Limited time offer! Buy now and save huge.
ham,Can you call me when you are free?
spam,You have won a lottery worth $97650.
ham,Let's attend the class together.
ham,Happy birthday! Have a great day.
ham,Can you call me when you are free?
ham,Can you call me when you are free?
ham,"Hey, are we meeting tomorrow?"
spam,Urgent! Verify your bank account immediately.
ham,Let's attend the class together. May media guy happen push word.
ham,Your order has been delivered successfully.
spam,Limited time offer! Buy now and save huge.
ham,Please send me the assignment notes. Scientist person citizen.
ham,Happy birthday! Have a great day.
spam,Your account has been selected for a free reward.
ham,"Dinner is ready, come home soon. Discover once ability."
ham,Happy birthday! Have a great day. Smile positive theory open either pressure nor head.
spam,Urgent! Verify your bank account immediately.
spam,Urgent! Verify your bank account immediately.
ham,Can you call me when you are free? Break by peace far candidate.
ham,"Dinner is ready, come home soon."
ham,Thanks for helping me yesterday. Real film thing bit market.
spam,Limited time offer! Buy now and save huge.
spam,Earn money fast from home without investment.
spam,Limited time offer! Buy now and save huge.
spam,Congratulations! You won $13608 cash prize. Click now!
spam,Urgent! Verify your bank account immediately.
ham,Your order has been delivered successfully. War mother court say.
ham,Let's attend the class together.
spam,Earn money fast from home without investment.
ham,Can you call me when you are free? Theory produce country.
ham,Let's attend the class together.
spam,Limited time offer! Buy now and save huge.
ham,Happy birthday! Have a great day.
spam,Claim your free iPhone today.
ham,Don't forget the project submission.
spam,Claim your free iPhone today.
ham,"Hey, are we meeting tomorrow?"
ham,Happy birthday! Have a great day.
spam,Limited time offer! Buy now and save huge.
spam,Free vacation tickets available now.
spam,Get rich quickly with this secret method.
ham,Thanks for helping me yesterday. Interesting process cause sport computer cultural make.
spam,Claim your free iPhone today.
ham,Can you call me when you are free?
ham,Meeting has been shifted to 3 PM.
ham,Your order has been delivered successfully.
spam,Urgent! Verify your bank account immediately.
spam,Exclusive deal just for you. Click the link.
ham,Don't forget the project submission. Best among deep clearly top particularly.
spam,Congratulations! You won $41186 cash prize. Click now!
spam,Get rich quickly with this secret method.
ham,Thanks for helping me yesterday. Apply rule possible account no process thousand.
ham,"Dinner is ready, come home soon."
spam,Get rich quickly with this secret method.
ham,Your order has been delivered successfully.
ham,Don't forget the project submission. Focus check certain understand them form director share.
ham,Happy birthday! Have a great day. Glass just report on soldier between husband front.
spam,Congratulations! You won $48691 cash prize. Click now!
ham,Please send me the assignment notes.
spam,You have won a lottery worth $60744.
ham,Your order has been delivered successfully. Stuff response particular statement stock.
ham,Let's attend the class together. Strong speak soldier quickly.
ham,Thanks for helping me yesterday. War day bring situation game.
spam,Your account has been selected for a free reward.
ham,"Hey, are we meeting tomorrow?"
spam,You have won a lottery worth $57259.
ham,Your order has been delivered successfully.
ham,Your order has been delivered successfully.
ham,Happy birthday! Have a great day. Style movement people painting affect goal.
spam,Urgent! Verify your bank account immediately.
ham,Let's attend the class together. Short others your.
spam,Earn money fast from home without investment.
ham,Your order has been delivered successfully. Than identify fire meet.
spam,Urgent! Verify your bank account immediately.
spam,Your account has been selected for a free reward.
ham,"Dinner is ready, come home soon."
ham,Let's attend the class together. Present together role least human network.
spam,Urgent! Verify your bank account immediately.
ham,Can you call me when you are free? Girl area decision role million throw meet network.
ham,Happy birthday! Have a great day. Off enough consider morning else.
spam,Your account has been selected for a free reward.
ham,Please send me the assignment notes.
spam,Congratulations! You won $43611 cash prize. Click now!
spam,Exclusive deal just for you. Click the link.
spam,Exclusive deal just for you. Click the link.
ham,"Hey, are we meeting tomorrow?"
spam,Exclusive deal just for you. Click the link.
spam,You have won a lottery worth $39447.
spam,Earn money fast from home without investment.
spam,Claim your free iPhone today.
ham,"Dinner is ready, come home soon. Life behind field respond."
ham,"Hey, are we meeting tomorrow? Probably per enjoy down."
spam,Get rich quickly with this secret method.
ham,"Dinner is ready, come home soon."
spam,You have won a lottery worth $72427.
ham,"Hey, are we meeting tomorrow? Learn senior eye."
ham,Let's attend the class together.
spam,Exclusive deal just for you. Click the link.
ham,Don't forget the project submission. Stuff question child each through off.
ham,Let's attend the class together. Miss compare century threat several note.
ham,Happy birthday! Have a great day.
ham,"Hey, are we meeting tomorrow?"
ham,Your order has been delivered successfully. Air today under policy too.
ham,Please send me the assignment notes.
ham,"Hey, are we meeting tomorrow?"
ham,Meeting has been shifted to 3 PM.
ham,"Dinner is ready, come home soon. Much nor technology fire must will for mention."
ham,Please send me the assignment notes.
spam,Claim your free iPhone today.
spam,Congratulations! You won $65576 cash prize. Click now!
spam,Earn money fast from home without investment.
ham,Happy birthday! Have a great day.
spam,Urgent! Verify your bank account immediately.
spam,Congratulations! You won $17821 cash prize. Click now!
ham,Can you call me when you are free?
ham,Thanks for helping me yesterday.
ham,Can you call me when you are free? Particular peace however skin.
ham,"Hey, are we meeting tomorrow?"
ham,"Dinner is ready, come home soon."
ham,Can you call me when you are free?
ham,"Dinner is ready, come home soon."
ham,Meeting has been shifted to 3 PM. Say high base focus agreement hot language.
ham,"Dinner is ready, come home soon. Author management memory budget fly."
spam,You have won a lottery worth $56283.
ham,"Hey, are we meeting tomorrow?"
spam,Congratulations! You won $31745 cash prize. Click now!
ham,Your order has been delivered successfully.
ham,Can you call me when you are free? Husband network apply official like.
spam,Your account has been selected for a free reward.
ham,Let's attend the class together. Language health standard data order laugh suffer present.
ham,"Hey, are we meeting tomorrow? Great decision might idea we."
spam,Congratulations! You won $18912 cash prize. Click now!
spam,Your account has been selected for a free reward.
spam,Urgent! Verify your bank account immediately.
ham,Meeting has been shifted to 3 PM. Dinner threat I professor.
ham,Thanks for helping me yesterday. Admit miss natural.
ham,Meeting has been shifted to 3 PM. Street research heart speak.
spam,Limited time offer! Buy now and save huge.
ham,Meeting has been shifted to 3 PM.
spam,Your account has been selected for a free reward.
ham,"Dinner is ready, come home soon. Benefit machine outside contain boy fire."
spam,Free vacation tickets available now.
spam,Urgent! Verify your bank account immediately.
ham,Please send me the assignment notes. Red line of law.
spam,Earn money fast from home without investment.
ham,Can you call me when you are free?
ham,Please send me the assignment notes. Three close argue quickly nor.
spam,You have won a lottery worth $79401.
ham,Thanks for helping me yesterday.
ham,Thanks for helping me yesterday. Industry current authority.
spam,Your account has been selected for a free reward.
spam,Claim your free iPhone today.
ham,"Dinner is ready, come home soon."
spam,Free vacation tickets available now.
ham,Happy birthday! Have a great day.
ham,Let's attend the class together.
spam,Claim your free iPhone today.
ham,Let's attend the class together. Safe part population concern.
ham,Please send me the assignment notes.
spam,Claim your free iPhone today.
spam,Your account has been selected for a free reward.
spam,Congratulations! You won $49913 cash prize. Click now!
ham,Your order has been delivered successfully. Girl write pattern base protect television who.
spam,Claim your free iPhone today.
spam,Limited time offer! Buy now and save huge.
spam,Earn money fast from home without investment.
spam,Claim your free iPhone today.
spam,Limited time offer! Buy now and save huge.
spam,You have won a lottery worth $27513.
ham,"Hey, are we meeting tomorrow?"
ham,Let's attend the class together. Right field lose action think.
spam,Your account has been selected for a free reward.
ham,Your order has been delivered successfully.
ham,"Hey, are we meeting tomorrow? Inside arm help language."
ham,Don't forget the project submission. Easy try professional.
ham,Your order has been delivered successfully. Skill everything Mrs buy growth before make traditional.
spam,Get rich quickly with this secret method.
ham,Let's attend the class together. Player because partner staff.
spam,Get rich quickly with this secret method.
ham,Let's attend the class together. Also head official physical doctor blue create.
ham,Meeting has been shifted to 3 PM. Range soon nature analysis ready building.
spam,Earn money fast from home without investment.
spam,Urgent! Verify your bank account immediately.
ham,Don't forget the project submission. Them worry the focus.
ham,Meeting has been shifted to 3 PM.
spam,Get rich quickly with this secret method.
ham,Please send me the assignment notes.
ham,Happy birthday! Have a great day.
spam,Claim your free iPhone today.
ham,Thanks for helping me yesterday. Meet read him red protect.
spam,Congratulations! You won $8416 cash prize. Click now!
ham,Let's attend the class together. Center budget agent discuss.
spam,Urgent! Verify your bank account immediately.
spam,Urgent! Verify your bank account immediately.
ham,"Dinner is ready, come home soon. Beat low tell study subject."
ham,Happy birthday! Have a great day. No develop wait move.
spam,Your account has been selected for a free reward.
spam,Urgent! Verify your bank account immediately.
spam,Congratulations! You won $99245 cash prize. Click now!
ham,Thanks for helping me yesterday.
spam,You have won a lottery worth $67427.
ham,Let's attend the class together. Media loss right result week none.
spam,Earn money fast from home without investment.
ham,Don't forget the project submission. She radio send if along blood.
ham,Can you call me when you are free?
ham,Meeting has been shifted to 3 PM. Despite carry also let suddenly three foot.
spam,Claim your free iPhone today.
spam,Urgent! Verify your bank account immediately.
ham,Thanks for helping me yesterday.
ham,Please send me the assignment notes.
spam,Congratulations! You won $81172 cash prize. Click now!
spam,Limited time offer! Buy now and save huge.
spam,Limited time offer! Buy now and save huge.
ham,Don't forget the project submission. These believe above today great vote.
ham,Your order has been delivered successfully. Challenge paper surface season treat start simply try.
ham,Don't forget the project submission.
spam,Limited time offer! Buy now and save huge.
spam,Claim your free iPhone today.
spam,Get rich quickly with this secret method.
spam,Claim your free iPhone today.
ham,Happy birthday! Have a great day.
ham,Meeting has been shifted to 3 PM. Still attack process involve.
spam,You have won a lottery worth $30478.
ham,Meeting has been shifted to 3 PM. Can effort way.
spam,Limited time offer! Buy now and save huge.
spam,Claim your free iPhone today.
ham,Let's attend the class together.
spam,Exclusive deal just for you. Click the link.
ham,Meeting has been shifted to 3 PM. Father trade TV participant too message nation.
spam,Limited time offer! Buy now and save huge.
ham,Happy birthday! Have a great day.
ham,Happy birthday! Have a great day. Character send seem since beyond control fire.
spam,Claim your free iPhone today.
ham,Thanks for helping me yesterday.
ham,Don't forget the project submission.
spam,Claim your free iPhone today.
ham,"Hey, are we meeting tomorrow? Town would later Mr three voice feel."
spam,Free vacation tickets available now.
ham,Thanks for helping me yesterday. Scene between politics actually today rate simple hard.
spam,Limited time offer! Buy now and save huge.
spam,Your account has been selected for a free reward.
spam,Exclusive deal just for you. Click the link.
spam,Claim your free iPhone today.
ham,Please send me the assignment notes.
ham,"Hey, are we meeting tomorrow? Make born affect language school college."
ham,Your order has been delivered successfully.
ham,"Dinner is ready, come home soon. Manage instead bag college."
spam,Congratulations! You won $52282 cash prize. Click now!
spam,You have won a lottery worth $80794.
spam,Free vacation tickets available now.
spam,Urgent! Verify your bank account immediately.
ham,Thanks for helping me yesterday. Challenge able father ahead practice.
ham,"Dinner is ready, come home soon. Environmental spend type investment street value perform per."
spam,Claim your free iPhone today.
spam,Exclusive deal just for you. Click the link.
ham,Don't forget the project submission. Rock common show after high trial.
ham,Thanks for helping me yesterday.
spam,Limited time offer! Buy now and save huge.
spam,Claim your free iPhone today.
ham,Please send me the assignment notes. Suffer because simple body society.
spam,Free vacation tickets available now.
spam,You have won a lottery worth $49407.
spam,Urgent! Verify your bank account immediately.
spam,You have won a lottery worth $54289.
ham,"Dinner is ready, come home soon. Against them vote difference option."
spam,Earn money fast from home without investment.
spam,You have won a lottery worth $64792.
spam,Urgent! Verify your bank account immediately.
spam,Your account has been selected for a free reward.
spam,Get rich quickly with this secret method.
spam,Your account has been selected for a free reward.
spam,You have won a lottery worth $23450.
spam,Claim your free iPhone today.
ham,"Dinner is ready, come home soon."
ham,Meeting has been shifted to 3 PM.
ham,Meeting has been shifted to 3 PM.
spam,Get rich quickly with this secret method.
spam,Urgent! Verify your bank account immediately.
spam,Limited time offer! Buy now and save huge.
ham,Happy birthday! Have a great day.
spam,Free vacation tickets available now.
ham,Happy birthday! Have a great day.
ham,"Dinner is ready, come home soon. Ground participant fish benefit security provide."
ham,Your order has been delivered successfully.
spam,Free vacation tickets available now.
ham,Thanks for helping me yesterday. Senior bring recently nation manage listen property speak.
spam,Earn money fast from home without investment.
ham,Meeting has been shifted to 3 PM. Discover offer likely door decision.
ham,Please send me the assignment notes.
spam,Claim your free iPhone today.
ham,Meeting has been shifted to 3 PM. Go enjoy happy join.
spam,Congratulations! You won $71522 cash prize. Click now!
spam,Congratulations! You won $14355 cash prize. Click now!
ham,Can you call me when you are free? Difficult maintain game red.
ham,Let's attend the class together.
ham,Please send me the assignment notes. White area type campaign story exactly information establish.
spam,Free vacation tickets available now.
ham,"Hey, are we meeting tomorrow? Record road success form."
ham,"Dinner is ready, come home soon."
spam,Congratulations! You won $58539 cash prize. Click now!
ham,Thanks for helping me yesterday. Game agreement particular important.
ham,Meeting has been shifted to 3 PM. Performance Republican visit test general fish week.
ham,Meeting has been shifted to 3 PM.
spam,Limited time offer! Buy now and save huge.
ham,"Hey, are we meeting tomorrow? Possible clear agency shoulder."
ham,Let's attend the class together.
spam,Congratulations! You won $45903 cash prize. Click now!
spam,Earn money fast from home without investment.
spam,Urgent! Verify your bank account immediately.
spam,You have won a lottery worth $36847.
spam,Urgent! Verify your bank account immediately.
ham,Can you call me when you are free? Member century town we.
spam,Limited time offer! Buy now and save huge.
ham,Let's attend the class together.
ham,Can you call me when you are free? As too begin west five.
ham,Happy birthday! Have a great day.
ham,Let's attend the class together. Bring yard administration.
spam,Exclusive deal just for you. Click the link.
ham,Thanks for helping me yesterday.
ham,Meeting has been shifted to 3 PM.
ham,Let's attend the class together.
spam,Claim your free iPhone today.
ham,Please send me the assignment notes.
ham,Let's attend the class together.
ham,Happy birthday! Have a great day. Begin reflect this determine watch.
spam,Claim your free iPhone today.
spam,You have won a lottery worth $45107.
ham,Thanks for helping me yesterday. Yes couple material result want.
ham,Please send me the assignment notes. Represent soon man rather enough.
ham,Happy birthday! Have a great day.
spam,Urgent! Verify your bank account immediately.
spam,Get rich quickly with this secret method.
spam,Urgent! Verify your bank account immediately.
ham,Let's attend the class together. Occur skin now rise want employee.
spam,Exclusive deal just for you. Click the link.
spam,You have won a lottery worth $36007.
spam,Exclusive deal just for you. Click the link.
ham,Please send me the assignment notes. Star indeed present recognize before recognize however.
spam,Claim your free iPhone today.
ham,Can you call me when you are free? From account occur floor project church door.
spam,Claim your free iPhone today.
spam,Earn money fast from home without investment.
spam,Your account has been selected for a free reward.
spam,Urgent! Verify your bank account immediately.
spam,Congratulations! You won $12666 cash prize. Click now!
spam,Exclusive deal just for you. Click the link.
spam,Urgent! Verify your bank account immediately.
ham,Please send me the assignment notes. Name him site look best how.
spam,Exclusive deal just for you. Click the link.
ham,"Hey, are we meeting tomorrow?"
ham,"Hey, are we meeting tomorrow?"
spam,Urgent! Verify your bank account immediately.
ham,Your order has been delivered successfully. Lot none serve region today air power.
ham,Let's attend the class together. Inside group allow itself put.
spam,You have won a lottery worth $60967.
spam,Limited time offer! Buy now and save huge.
ham,Let's attend the class together. Report edge strategy know east pick.
spam,Claim your free iPhone today.
spam,Claim your free iPhone today.
ham,Let's attend the class together.
spam,You have won a lottery worth $1876.
ham,"Hey, are we meeting tomorrow? A group effort approach."
spam,You have won a lottery worth $20211.
spam,Exclusive deal just for you. Click the link.
spam,Claim your free iPhone today.
spam,Exclusive deal just for you. Click the link.
spam,Earn money fast from home without investment.
spam,Exclusive deal just for you. Click the link.
ham,"Hey, are we meeting tomorrow?"
ham,Happy birthday! Have a great day. Worry process above foreign.
ham,Meeting has been shifted to 3 PM.
ham,Your order has been delivered successfully.
ham,Let's attend the class together. Tell husband with affect real.
ham,Please send me the assignment notes. Medical day explain organization use bank lawyer.
spam,Claim your free iPhone today.
ham,Let's attend the class together. Lose call glass now base recent market.
ham,Meeting has been shifted to 3 PM. Something yourself rock lose among whom.
spam,Your account has been selected for a free reward.
spam,Earn money fast from home without investment.
ham,"Dinner is ready, come home soon. Benefit protect pretty."
ham,Let's attend the class together. Affect trial practice early tough.
ham,Please send me the assignment notes.
ham,Happy birthday! Have a great day.
spam,Urgent! Verify your bank account immediately.
ham,Meeting has been shifted to 3 PM. Eye own enter do today.
spam,Your account has been selected for a free reward.
ham,Thanks for helping me yesterday.
ham,Happy birthday! Have a great day.
spam,Claim your free iPhone today.
spam,You have won a lottery worth $36899.
spam,Free vacation tickets available now.
spam,You have won a lottery worth $38230.
ham,Thanks for helping me yesterday.
ham,Happy birthday! Have a great day.
spam,Congratulations! You won $91663 cash prize. Click now!
spam,Exclusive deal just for you. Click the link.
spam,You have won a lottery worth $97377.
spam,Urgent! Verify your bank account immediately.
spam,Claim your free iPhone today.
spam,Limited time offer! Buy now and save huge.
spam,Urgent! Verify your bank account immediately.
spam,Urgent! Verify your bank account immediately.
ham,Happy birthday! Have a great day.
ham,Thanks for helping me yesterday. Artist commercial happy cold series situation.
ham,"Dinner is ready, come home soon. Control forward hear sing take evening involve."
ham,Happy birthday! Have a great day.
ham,Let's attend the class together. Continue they few me computer.
spam,Exclusive deal just for you. Click the link.
spam,Urgent! Verify your bank account immediately.
ham,"Dinner is ready, come home soon. Travel degree explain high why dark."
ham,Don't forget the project submission.
ham,Please send me the assignment notes. Image pretty public same factor those reflect.
spam,Congratulations! You won $20884 cash prize. Click now!
spam,You have won a lottery worth $4768.
ham,Meeting has been shifted to 3 PM.
ham,Please send me the assignment notes.
spam,Urgent! Verify your bank account immediately.
ham,Your order has been delivered successfully.
spam,Earn money fast from home without investment.
spam,Claim your free iPhone today.
spam,Urgent! Verify your bank account immediately.
spam,You have won a lottery worth $88335.
spam,Your account has been selected for a free reward.
spam,Exclusive deal just for you. Click the link.
spam,Your account has been selected for a free reward.
spam,Limited time offer! Buy now and save huge.
ham,Your order has been delivered successfully. Opportunity discussion enough give make administration.
spam,Claim your free iPhone today.
ham,Let's attend the class together. Resource it between more pay we yard.
spam,Claim your free iPhone today.
spam,Congratulations! You won $78670 cash prize. Click now!
spam,Limited time offer! Buy now and save huge.
ham,Happy birthday! Have a great day. Mouth like hear hope husband.
spam,Your account has been selected for a free reward.
ham,Don't forget the project submission.
spam,Claim your free iPhone today.
spam,Limited time offer! Buy now and save huge.
spam,Free vacation tickets available now.
ham,Let's attend the class together. Debate great country he increase age.
ham,"Hey, are we meeting tomorrow? Make attack decide various few former follow me."
ham,Thanks for helping me yesterday.
spam,Get rich quickly with this secret method.
spam,Claim your free iPhone today.
ham,Meeting has been shifted to 3 PM. Away country talk collection.
spam,Claim your free iPhone today.
ham,"Dinner is ready, come home soon."
ham,"Hey, are we meeting tomorrow?"
spam,Urgent! Verify your bank account immediately.
spam,You have won a lottery worth $56590.
spam,Free vacation tickets available now.
spam,You have won a lottery worth $8813.
spam,Urgent! Verify your bank account immediately.
ham,Let's attend the class together.
ham,"Hey, are we meeting tomorrow?"
spam,Exclusive deal just for you. Click the link.
ham,Don't forget the project submission. Key leave all after.
spam,Free vacation tickets available now.
ham,Let's attend the class together.
ham,Thanks for helping me yesterday.
ham,Your order has been delivered successfully. Service will east.
spam,Claim your free iPhone today.
spam,You have won a lottery worth $21497.
ham,"Hey, are we meeting tomorrow? Individual enjoy claim general skill hold."
spam,Limited time offer! Buy now and save huge.
spam,You have won a lottery worth $4677.
ham,Please send me the assignment notes. Economic body less whom.
spam,Your account has been selected for a free reward.
ham,"Hey, are we meeting tomorrow?"
spam,Free vacation tickets available now.
ham,"Dinner is ready, come home soon. Finally mean present rock including entire few."
spam,You have won a lottery worth $3034.
ham,Your order has been delivered successfully.
spam,Your account has been selected for a free reward.
ham,Meeting has been shifted to 3 PM.
ham,"Hey, are we meeting tomorrow? Prove important population different knowledge computer issue."
spam,Free vacation tickets available now.
ham,Meeting has been shifted to 3 PM. Memory street visit strong build police two.
spam,Your account has been selected for a free reward.
spam,Earn money fast from home without investment.
ham,Meeting has been shifted to 3 PM.
ham,Don't forget the project submission. Dark environmental support stop investment language whatever.
spam,Your account has been selected for a free reward.
spam,Congratulations! You won $72493 cash prize. Click now!
spam,Earn money fast from home without investment.
spam,Your account has been selected for a free reward.
spam,Exclusive deal just for you. Click the link.
ham,Let's attend the class together.
spam,Limited time offer! Buy now and save huge.
ham,"Hey, are we meeting tomorrow?"
ham,Don't forget the project submission. Decade college party throw rise condition must.
spam,Limited time offer! Buy now and save huge.
ham,Meeting has been shifted to 3 PM. Message why report bag something traditional.
spam,Urgent! Verify your bank account immediately.
spam,Your account has been selected for a free reward.
spam,Get rich quickly with this secret method.
ham,Meeting has been shifted to 3 PM.
spam,You have won a lottery worth $84886.
spam,Exclusive deal just for you. Click the link.
spam,Your account has been selected for a free reward.
spam,Earn money fast from home without investment.
spam,Claim your free iPhone today.
spam,Earn money fast from home without investment.
spam,You have won a lottery worth $48000.
ham,Please send me the assignment notes.
spam,Claim your free iPhone today.
spam,You have won a lottery worth $35435.
spam,Earn money fast from home without investment.
spam,Congratulations! You won $9185 cash prize. Click now!
spam,Earn money fast from home without investment.
ham,Happy birthday! Have a great day. Heavy arrive weight simple feeling theory both.
spam,Limited time offer! Buy now and save huge.
spam,Limited time offer! Buy now and save huge.
ham,Can you call me when you are free?
ham,Can you call me when you are free? Real risk trial its trip.
spam,Urgent! Verify your bank account immediately.
spam,Limited time offer! Buy now and save huge.
spam,Congratulations! You won $52214 cash prize. Click now!
ham,Happy birthday! Have a great day. Key enjoy second camera front.
ham,"Hey, are we meeting tomorrow? Ability not summer east other."
spam,Your account has been selected for a free reward.
spam,Limited time offer! Buy now and save huge.
ham,"Hey, are we meeting tomorrow?"
ham,Please send me the assignment notes. Style industry father indicate blood maybe.
spam,Free vacation tickets available now.
ham,"Dinner is ready, come home soon."
spam,Earn money fast from home without investment.
spam,Free vacation tickets available now.
spam,Claim your free iPhone today.
ham,Please send me the assignment notes.
ham,Your order has been delivered successfully. Fine what make.
ham,Happy birthday! Have a great day.
spam,Urgent! Verify your bank account immediately.
spam,Urgent! Verify your bank account immediately.
spam,Urgent! Verify your bank account immediately.
spam,Get rich quickly with this secret method.
ham,Thanks for helping me yesterday.
ham,Let's attend the class together. Artist power adult.
ham,"Dinner is ready, come home soon. Find phone plan."
ham,Thanks for helping me yesterday. Child live just employee technology manager according.
spam,You have won a lottery worth $37525.
spam,Your account has been selected for a free reward.
spam,Free vacation tickets available now.
ham,Please send me the assignment notes.
ham,Happy birthday! Have a great day. Throughout general simply without.
spam,Congratulations! You won $76976 cash prize. Click now!
ham,Your order has been delivered successfully.
spam,Limited time offer! Buy now and save huge.
spam,Exclusive deal just for you. Click the link.
ham,Thanks for helping me yesterday.
spam,Earn money fast from home without investment.
ham,Don't forget the project submission. Employee see hundred travel.
spam,Limited time offer! Buy now and save huge.
spam,You have won a lottery worth $92373.
ham,Let's attend the class together. Continue environmental reduce enough record article certainly.
ham,Meeting has been shifted to 3 PM. Heavy enjoy account maintain.
ham,Please send me the assignment notes. Address president administration serious.
ham,Can you call me when you are free? Month much age new strategy.
ham,"Hey, are we meeting tomorrow?"
ham,Happy birthday! Have a great day. Back team rather fight realize store.
spam,Free vacation tickets available now.
ham,"Dinner is ready, come home soon. Mission general might big debate other listen."
ham,Let's attend the class together.
spam,Get rich quickly with this secret method.
ham,"Dinner is ready, come home soon."
ham,Thanks for helping me yesterday.
ham,Thanks for helping me yesterday.
spam,Your account has been selected for a free reward.
spam,Congratulations! You won $78806 cash prize. Click now!
spam,You have won a lottery worth $68442.
ham,Please send me the assignment notes. Something here movie behavior process tell.
ham,Your order has been delivered successfully. Kid middle outside woman able myself face.
ham,Thanks for helping me yesterday. Hard glass responsibility interview career cold boy.
ham,"Hey, are we meeting tomorrow? Cup wide letter produce sport mouth pull past."
ham,Meeting has been shifted to 3 PM.
ham,"Hey, are we meeting tomorrow?"
spam,Congratulations! You won $79986 cash prize. Click now!
spam,Congratulations! You won $73094 cash prize. Click now!
ham,Can you call me when you are free?
spam,Urgent! Verify your bank account immediately.
ham,Your order has been delivered successfully.
ham,"Dinner is ready, come home soon. Of seem again consumer."
ham,Your order has been delivered successfully. Commercial town skin raise medical responsibility.
spam,Limited time offer! Buy now and save huge.
ham,Thanks for helping me yesterday. Market scientist others member half long.
ham,Happy birthday! Have a great day.
ham,Your order has been delivered successfully.
ham,Your order has been delivered successfully. Family brother learn much ever music because.
spam,Urgent! Verify your bank account immediately.
spam,Earn money fast from home without investment.
spam,Exclusive deal just for you. Click the link.
ham,Can you call me when you are free? Feeling dinner begin hospital.
ham,Happy birthday! Have a great day.
spam,Exclusive deal just for you. Click the link.
spam,Your account has been selected for a free reward.
ham,Thanks for helping me yesterday. Activity raise effect answer.
spam,Exclusive deal just for you. Click the link.
spam,Your account has been selected for a free reward.
spam,Congratulations! You won $55512 cash prize. Click now!
ham,Can you call me when you are free? Peace unit focus business own cost.
ham,Meeting has been shifted to 3 PM.
spam,Get rich quickly with this secret method.
ham,Thanks for helping me yesterday. Big seven during seem single.
ham,Meeting has been shifted to 3 PM.
spam,Urgent! Verify your bank account immediately.
ham,Can you call me when you are free?
ham,"Hey, are we meeting tomorrow? Effect edge agreement source mention."
ham,Meeting has been shifted to 3 PM.
ham,Thanks for helping me yesterday.
ham,Don't forget the project submission. Maybe above drive pattern public those.
ham,Your order has been delivered successfully.
ham,"Dinner is ready, come home soon."
ham,Don't forget the project submission. Clear clear sing raise threat daughter take.
spam,Your account has been selected for a free reward.
ham,"Dinner is ready, come home soon. Society of about."
spam,Free vacation tickets available now.
ham,Meeting has been shifted to 3 PM.
ham,Happy birthday! Have a great day. Bar degree American fear music.
spam,Get rich quickly with this secret method.
ham,Please send me the assignment notes. Cut serious class fund try.
ham,Your order has been delivered successfully. Bank question item scene.
spam,Free vacation tickets available now.
spam,Your account has been selected for a free reward.
ham,"Hey, are we meeting tomorrow? Community generation kitchen music list safe its."
ham,Please send me the assignment notes. Word indeed decide about person.
spam,Free vacation tickets available now.
ham,"Hey, are we meeting tomorrow?"
ham,"Dinner is ready, come home soon. Significant he represent worker."
spam,Free vacation tickets available now.
ham,Meeting has been shifted to 3 PM. Shake southern during since.
spam,You have won a lottery worth $83807.
ham,"Dinner is ready, come home soon. Defense reality run reveal."
ham,Meeting has been shifted to 3 PM. Past so challenge your western military important.
ham,Let's attend the class together.
ham,"Dinner is ready, come home soon. Mission see case write reason church avoid."
spam,Exclusive deal just for you. Click the link.
ham,Meeting has been shifted to 3 PM. Whole because main explain central join material soon.
ham,Please send me the assignment notes.
ham,"Dinner is ready, come home soon. Life camera skill candidate final quite hotel."
ham,Happy birthday! Have a great day.
spam,Get rich quickly with this secret method.
spam,Congratulations! You won $78109 cash prize. Click now!
ham,Happy birthday! Have a great day. Between bag final dog cut provide.
spam,Earn money fast from home without investment.
spam,Get rich quickly with this secret method.
ham,Thanks for helping me yesterday. Final move personal than once she similar.
ham,Can you call me when you are free?
ham,Thanks for helping me yesterday. Moment want serve dinner.
ham,Let's attend the class together.
ham,Your order has been delivered successfully.
spam,Urgent! Verify your bank account immediately.
spam,Claim your free iPhone today.
ham,Happy birthday! Have a great day.
spam,Your account has been selected for a free reward.
ham,Happy birthday! Have a great day.
ham,"Hey, are we meeting tomorrow? Even event also various medical."
spam,Urgent! Verify your bank account immediately.
spam,Congratulations! You won $3097 cash prize. Click now!
spam,You have won a lottery worth $35285.
spam,Urgent! Verify your bank account immediately.
ham,Meeting has been shifted to 3 PM. Certain each prove.
spam,Urgent! Verify your bank account immediately.
spam,Free vacation tickets available now.
spam,Get rich quickly with this secret method.
ham,Meeting has been shifted to 3 PM.
spam,Congratulations! You won $36620 cash prize. Click now!
spam,Exclusive deal just for you. Click the link.
spam,Claim your free iPhone today.
ham,Let's attend the class together. Ability campaign relationship lose determine.
spam,Earn money fast from home without investment.
spam,You have won a lottery worth $80360.
spam,Claim your free iPhone today.
spam,Exclusive deal just for you. Click the link.
ham,Happy birthday! Have a great day. Spring chair product nature research simple.
spam,Get rich quickly with this secret method.
ham,"Hey, are we meeting tomorrow?"
spam,Get rich quickly with this secret method.
ham,Thanks for helping me yesterday. Finish seven assume charge.
spam,Claim your free iPhone today.
spam,Your account has been selected for a free reward.
ham,Can you call me when you are free? Road serious hand free professional away arrive.
ham,Please send me the assignment notes. Anything lot great face produce big all.
spam,Congratulations! You won $98597 cash prize. Click now!
spam,Free vacation tickets available now.
spam,Get rich quickly with this secret method.
spam,Urgent! Verify your bank account immediately.
spam,Claim your free iPhone today.
spam,Exclusive deal just for you. Click the link.
spam,You have won a lottery worth $30953.
ham,Let's attend the class together. Occur candidate indicate now usually.
ham,Let's attend the class together. Certainly industry reveal major nature.
spam,Claim your free iPhone today.
ham,Let's attend the class together.
spam,Your account has been selected for a free reward.
spam,Claim your free iPhone today.
spam,You have won a lottery worth $78722.
spam,You have won a lottery worth $9919.
spam,Get rich quickly with this secret method.
ham,"Dinner is ready, come home soon."
spam,Urgent! Verify your bank account immediately.
spam,Get rich quickly with this secret method.
spam,You have won a lottery worth $29112.
spam,Earn money fast from home without investment.
spam,Limited time offer! Buy now and save huge.
spam,Exclusive deal just for you. Click the link.
spam,Claim your free iPhone today.
ham,Happy birthday! Have a great day. Sure official eat other continue however each.
spam,Get rich quickly with this secret method.
ham,Your order has been delivered successfully. Join third something could somebody stay product.
ham,Meeting has been shifted to 3 PM. Year near likely its able ago grow including.
ham,Thanks for helping me yesterday. Want discussion next almost.
ham,Your order has been delivered successfully. Everything however others mouth.
spam,Urgent! Verify your bank account immediately.
spam,Congratulations! You won $65345 cash prize. Click now!
spam,Your account has been selected for a free reward.
ham,Let's attend the class together.
spam,Limited time offer! Buy now and save huge.
ham,Meeting has been shifted to 3 PM.
ham,Let's attend the class together. Hard financial live price opportunity church.
spam,Urgent! Verify your bank account immediately.
ham,Let's attend the class together.
spam,Limited time offer! Buy now and save huge.
spam,Free vacation tickets available now.
spam,Get rich quickly with this secret method.
spam,Earn money fast from home without investment.
ham,Your order has been delivered successfully.
ham,Thanks for helping me yesterday.
ham,Thanks for helping me yesterday. Between single with meet sea not season.
ham,Thanks for helping me yesterday.
spam,You have won a lottery worth $86629.
spam,Earn money fast from home without investment.
ham,Your order has been delivered successfully. Official may look this food million all most.
ham,Don't forget the project submission.
ham,Happy birthday! Have a great day.
ham,Don't forget the project submission. Involve part smile evidence.
spam,Claim your free iPhone today.
spam,Urgent! Verify your bank account immediately.
spam,Exclusive deal just for you. Click the link.
spam,Exclusive deal just for you. Click the link.
ham,Can you call me when you are free?
ham,Don't forget the project submission.
ham,Your order has been delivered successfully.
spam,You have won a lottery worth $18638.
spam,Claim your free iPhone today.
spam,Claim your free iPhone today.
ham,Please send me the assignment notes. Kitchen challenge all anything idea feeling gun land.
ham,Please send me the assignment notes. Industry they appear speech expert guess.
ham,"Hey, are we meeting tomorrow? You me rise accept carry."
ham,Please send me the assignment notes.
spam,Earn money fast from home without investment.
ham,Your order has been delivered successfully.
spam,Exclusive deal just for you. Click the link.
spam,Earn money fast from home without investment.
spam,Earn money fast from home without investment.
spam,Earn money fast from home without investment.
ham,Don't forget the project submission. It eight administration ever.
spam,You have won a lottery worth $34430.
spam,Your account has been selected for a free reward.
spam,Claim your free iPhone today.
ham,Please send me the assignment notes. Laugh sell board road floor.
ham,Happy birthday! Have a great day. Ago third prevent big describe.
spam,Urgent! Verify your bank account immediately.
spam,Limited time offer! Buy now and save huge.
spam,Your account has been selected for a free reward.
spam,Limited time offer! Buy now and save huge.
ham,Don't forget the project submission.
spam,Earn money fast from home without investment.
ham,Can you call me when you are free? Everybody difficult first can technology wall phone.
spam,Get rich quickly with this secret method.
ham,Happy birthday! Have a great day. Study under on issue.
ham,Don't forget the project submission. Data edge law identify environmental they ask.
ham,Don't forget the project submission.
spam,Limited time offer! Buy now and save huge.
spam,You have won a lottery worth $81308.
ham,Can you call me when you are free?
ham,"Dinner is ready, come home soon. Cultural southern against win feel general big."
ham,Don't forget the project submission. Open discussion PM.
spam,Congratulations! You won $95355 cash prize. Click now!
spam,Congratulations! You won $17651 cash prize. Click now!
spam,Exclusive deal just for you. Click the link.
spam,Exclusive deal just for you. Click the link.
spam,Urgent! Verify your bank account immediately.
spam,Claim your free iPhone today.
spam,Earn money fast from home without investment.
ham,Your order has been delivered successfully. Body interest section.
ham,Don't forget the project submission. Language laugh price green require.
ham,Can you call me when you are free? Tonight political order around cultural surface yes.
ham,Thanks for helping me yesterday.
ham,Happy birthday! Have a great day. Style husband whether win then.
ham,Don't forget the project submission. When industry site agree set argue need.
ham,Thanks for helping me yesterday. Build me yeah series mention environment space.
ham,"Hey, are we meeting tomorrow? Different according win drug effect herself."
ham,Your order has been delivered successfully.
spam,Urgent! Verify your bank account immediately.
ham,"Hey, are we meeting tomorrow?"
ham,"Dinner is ready, come home soon. Number program career read position surface."
spam,Your account has been selected for a free reward.
ham,"Hey, are we meeting tomorrow? Rich budget state industry and bad."
ham,Thanks for helping me yesterday. Modern probably tell medical.
spam,Your account has been selected for a free reward.
ham,Let's attend the class together. Because easy set give reduce.
spam,Limited time offer! Buy now and save huge.
spam,Get rich quickly with this secret method.
ham,Meeting has been shifted to 3 PM. Realize grow run because politics.
ham,Your order has been delivered successfully.
spam,Earn money fast from home without investment.
spam,Limited time offer! Buy now and save huge.
spam,You have won a lottery worth $13939.
spam,Exclusive deal just for you. Click the link.
ham,Can you call me when you are free? Action assume effort.
ham,Don't forget the project submission. Production certain any game town seven sound.
ham,"Hey, are we meeting tomorrow? Military travel senior."
spam,Earn money fast from home without investment.
ham,Let's attend the class together.
ham,Let's attend the class together. Leave various billion I offer visit.
ham,Thanks for helping me yesterday.
ham,Thanks for helping me yesterday.
spam,Free vacation tickets available now.
ham,Your order has been delivered successfully.
spam,Claim your free iPhone today.
ham,Meeting has been shifted to 3 PM.
ham,"Dinner is ready, come home soon. Sister fish success authority crime fine list reason."
ham,Your order has been delivered successfully. Article future meet present all example.
spam,Exclusive deal just for you. Click the link.
spam,Claim your free iPhone today.
spam,You have won a lottery worth $27512.
ham,"Hey, are we meeting tomorrow? Economy safe back campaign bad manager imagine."
spam,Urgent! Verify your bank account immediately.
spam,You have won a lottery worth $1018.
ham,Happy birthday! Have a great day.
spam,Your account has been selected for a free reward.
ham,Please send me the assignment notes.
ham,"Hey, are we meeting tomorrow?"
spam,Limited time offer! Buy now and save huge.
spam,Congratulations! You won $52529 cash prize. Click now!
ham,Thanks for helping me yesterday. Show mother computer.
ham,Thanks for helping me yesterday. Act property enough factor.
spam,Get rich quickly with this secret method.
spam,Free vacation tickets available now.
spam,Exclusive deal just for you. Click the link.
spam,Congratulations! You won $1124 cash prize. Click now!
spam,Earn money fast from home without investment.
ham,Can you call me when you are free? Republican especially fact real like bar.
ham,Let's attend the class together. Performance him black source.
spam,Earn money fast from home without investment.
spam,Free vacation tickets available now.
spam,Earn money fast from home without investment.
spam,Free vacation tickets available now.
ham,Happy birthday! Have a great day.
spam,You have won a lottery worth $7318.
spam,Congratulations! You won $10260 cash prize. Click now!
spam,Claim your free iPhone today.
ham,Please send me the assignment notes. On under evening easy customer audience road.
ham,Can you call me when you are free?
spam,Urgent! Verify your bank account immediately.
ham,"Hey, are we meeting tomorrow?"
spam,Exclusive deal just for you. Click the link.
spam,You have won a lottery worth $66996.
spam,Claim your free iPhone today.
ham,Your order has been delivered successfully.
ham,"Hey, are we meeting tomorrow?"
spam,Your account has been selected for a free reward.
ham,"Dinner is ready, come home soon."
spam,You have won a lottery worth $69902.
spam,Earn money fast from home without investment.
ham,"Hey, are we meeting tomorrow?"
spam,Claim your free iPhone today.
spam,Your account has been selected for a free reward.
ham,Happy birthday! Have a great day. Consumer month nice specific no network until.
ham,Don't forget the project submission. Artist three every sing beyond.
ham,Thanks for helping me yesterday.
spam,Limited time offer! Buy now and save huge.
ham,Don't forget the project submission.
ham,"Hey, are we meeting tomorrow?"
ham,"Dinner is ready, come home soon."
spam,Urgent! Verify your bank account immediately.
spam,Urgent! Verify your bank account immediately.
spam,Claim your free iPhone today.
spam,Your account has been selected for a free reward.
spam,Earn money fast from home without investment.
ham,Meeting has been shifted to 3 PM.
spam,Limited time offer! Buy now and save huge.
ham,Please send me the assignment notes.
ham,Your order has been delivered successfully. Article thought everything them you one up.
ham,Please send me the assignment notes. Continue economic spend game building second right.
spam,Exclusive deal just for you. Click the link.
ham,Please send me the assignment notes. Sea time rather exist.
spam,Exclusive deal just for you. Click the link.
spam,Limited time offer! Buy now and save huge.
ham,Can you call me when you are free?
spam,Claim your free iPhone today.
spam,Earn money fast from home without investment.
ham,Don't forget the project submission.
ham,Happy birthday! Have a great day.
ham,"Dinner is ready, come home soon. Arrive feel begin however commercial."
ham,Happy birthday! Have a great day. First away him memory sound southern table thank.
ham,Your order has been delivered successfully. Particular several short coach current box hour firm.
spam,Get rich quickly with this secret method.
spam,Urgent! Verify your bank account immediately.
spam,Get rich quickly with this secret method.
spam,Limited time offer! Buy now and save huge.
spam,Earn money fast from home without investment.
spam,Urgent! Verify your bank account immediately.
ham,"Dinner is ready, come home soon."
spam,Limited time offer! Buy now and save huge.
ham,Happy birthday! Have a great day. Water issue receive.
spam,Limited time offer! Buy now and save huge.
ham,Your order has been delivered successfully. Money worker most mean area whom watch trouble.
spam,Earn money fast from home without investment.
spam,Get rich quickly with this secret method.
ham,Meeting has been shifted to 3 PM. Effect since respond economic finally less which.
spam,Congratulations! You won $9011 cash prize. Click now!
ham,"Hey, are we meeting tomorrow?"
spam,Urgent! Verify your bank account immediately.
ham,"Hey, are we meeting tomorrow?"
spam,Urgent! Verify your bank account immediately.
ham,Happy birthday! Have a great day. Line guy old.
ham,Can you call me when you are free?
spam,Earn money fast from home without investment.
spam,Limited time offer! Buy now and save huge.
spam,Claim your free iPhone today.
ham,Your order has been delivered successfully. Cold trial treat these record.
spam,Congratulations! You won $62443 cash prize. Click now!
ham,Please send me the assignment notes. Left pass huge contain market rock.
spam,Your account has been selected for a free reward.
ham,Meeting has been shifted to 3 PM.
ham,Let's attend the class together. Behind every son everybody environment thank.
spam,Your account has been selected for a free reward.
ham,Your order has been delivered successfully. World born organization room set cultural during whether.
spam,Congratulations! You won $80724 cash prize. Click now!
spam,Your account has been selected for a free reward.
ham,Thanks for helping me yesterday.
ham,Let's attend the class together.
spam,Your account has been selected for a free reward.
ham,Thanks for helping me yesterday.
ham,"Hey, are we meeting tomorrow?"
spam,Limited time offer! Buy now and save huge.
spam,Congratulations! You won $84085 cash prize. Click now!
spam,Free vacation tickets available now.
spam,Your account has been selected for a free reward.
spam,Your account has been selected for a free reward.
ham,"Hey, are we meeting tomorrow? Like leave turn prepare involve program hand employee."
ham,"Hey, are we meeting tomorrow? Across poor study practice resource join."
spam,Claim your free iPhone today.
ham,Happy birthday! Have a great day. Dark true go within reduce issue though.
spam,Get rich quickly with this secret method.
spam,Your account has been selected for a free reward.
spam,Free vacation tickets available now.
spam,Free vacation tickets available now.
spam,Congratulations! You won $47333 cash prize. Click now!
spam,Your account has been selected for a free reward.
spam,Exclusive deal just for you. Click the link.
spam,Your account has been selected for a free reward.
ham,"Hey, are we meeting tomorrow?"
spam,Claim your free iPhone today.
ham,Please send me the assignment notes. That could lot eat.
spam,Earn money fast from home without investment.
spam,Exclusive deal just for you. Click the link.
ham,Let's attend the class together. Fast trip to gas.
ham,Your order has been delivered successfully. She world nothing test.
spam,Limited time offer! Buy now and save huge.
spam,Limited time offer! Buy now and save huge.
ham,"Dinner is ready, come home soon. Vote action reflect teach they open participant."
spam,Free vacation tickets available now.
ham,Happy birthday! Have a great day. Upon seven about Republican stuff until.
ham,Your order has been delivered successfully. Eight class show check test camera.
spam,Earn money fast from home without investment.
ham,Please send me the assignment notes. Perhaps each good require else card reality.
ham,"Hey, are we meeting tomorrow? Say whose save wrong."
spam,Exclusive deal just for you. Click the link.
ham,Meeting has been shifted to 3 PM.
spam,Your account has been selected for a free reward.
spam,Urgent! Verify your bank account immediately.
spam,Earn money fast from home without investment.
spam,Get rich quickly with this secret method.
ham,"Dinner is ready, come home soon."
spam,Your account has been selected for a free reward.
spam,You have won a lottery worth $61734.
ham,Thanks for helping me yesterday.
ham,Can you call me when you are free?
ham,Your order has been delivered successfully. Debate fact though floor young rich.
ham,Your order has been delivered successfully.
spam,Free vacation tickets available now.
ham,Thanks for helping me yesterday.
ham,"Dinner is ready, come home soon. Management himself pass weight carry career book."
ham,Happy birthday! Have a great day.
ham,Thanks for helping me yesterday.
ham,Thanks for helping me yesterday.
ham,"Dinner is ready, come home soon. World rest rock over approach."
spam,Get rich quickly with this secret method.
spam,You have won a lottery worth $49901.
spam,You have won a lottery worth $91264.
spam,Limited time offer! Buy now and save huge.
ham,Can you call me when you are free? Former during kind west.
spam,Urgent! Verify your bank account immediately.
ham,Can you call me when you are free?
ham,"Hey, are we meeting tomorrow?"
ham,Let's attend the class together. Others travel hit either.
ham,Your order has been delivered successfully.
spam,Claim your free iPhone today.
spam,Your account has been selected for a free reward.
spam,Get rich quickly with this secret method.
ham,"Dinner is ready, come home soon. Away exist sound reach service front local."
spam,Exclusive deal just for you. Click the link.
spam,Your account has been selected for a free reward.
ham,Thanks for helping me yesterday.
ham,Meeting has been shifted to 3 PM.
ham,Don't forget the project submission. No garden watch five.
spam,You have won a lottery worth $4306.
spam,Get rich quickly with this secret method.
spam,Your account has been selected for a free reward.
ham,Happy birthday! Have a great day.
spam,Limited time offer! Buy now and save huge.
ham,Meeting has been shifted to 3 PM.
spam,Exclusive deal just for you. Click the link.
spam,Urgent! Verify your bank account immediately.
spam,Limited time offer! Buy now and save huge.
spam,Free vacation tickets available now.
ham,Your order has been delivered successfully.
spam,Get rich quickly with this secret method.
ham,Can you call me when you are free? Country relationship image good method film remain.
spam,Congratulations! You won $76802 cash prize. Click now!
ham,Meeting has been shifted to 3 PM. Top wear finally list west production allow.
spam,Claim your free iPhone today.
spam,Earn money fast from home without investment.
spam,Congratulations! You won $16443 cash prize. Click now!
ham,Can you call me when you are free?
ham,Don't forget the project submission.
ham,Can you call me when you are free?
ham,Your order has been delivered successfully.
spam,Get rich quickly with this secret method.
ham,Can you call me when you are free?
ham,Your order has been delivered successfully. Fish inside apply anyone information mother far.
ham,Please send me the assignment notes.
ham,"Hey, are we meeting tomorrow?"
spam,Free vacation tickets available now.
ham,Happy birthday! Have a great day.
spam,Get rich quickly with this secret method.
ham,"Hey, are we meeting tomorrow? Son season land question step."
ham,Can you call me when you are free?
ham,Let's attend the class together. Cultural measure modern tonight research bring.
spam,Limited time offer! Buy now and save huge.
spam,Your account has been selected for a free reward.
spam,Urgent! Verify your bank account immediately.
ham,Let's attend the class together. Administration century official pretty.
spam,Free vacation tickets available now.
spam,Urgent! Verify your bank account immediately.
spam,Urgent! Verify your bank account immediately.
spam,Exclusive deal just for you. Click the link.
ham,Don't forget the project submission.
spam,Your account has been selected for a free reward.
spam,Get rich quickly with this secret method.
spam,Exclusive deal just for you. Click the link.
ham,Please send me the assignment notes. Bring wait she station stage since data.
ham,Meeting has been shifted to 3 PM.
ham,Meeting has been shifted to 3 PM. Shoulder claim position far.
ham,Let's attend the class together. Possible trip feeling development difference get public.
ham,Your order has been delivered successfully.
ham,Please send me the assignment notes. Develop feel eye sing their guess charge grow.
ham,Thanks for helping me yesterday.
ham,Your order has been delivered successfully.
ham,"Dinner is ready, come home soon."
spam,Exclusive deal just for you. Click the link.
spam,Earn money fast from home without investment.
ham,Happy birthday! Have a great day.
spam,You have won a lottery worth $76659.
ham,Meeting has been shifted to 3 PM.
ham,Thanks for helping me yesterday.
ham,Happy birthday! Have a great day.
ham,Please send me the assignment notes. Fund find because hair effect store.
ham,"Dinner is ready, come home soon."
ham,Can you call me when you are free? Field democratic possible commercial.
spam,Earn money fast from home without investment.
ham,Can you call me when you are free?
spam,Earn money fast from home without investment.
spam,Urgent! Verify your bank account immediately.
spam,Urgent! Verify your bank account immediately.
spam,Get rich quickly with this secret method.
spam,Free vacation tickets available now.
ham,Happy birthday! Have a great day. Understand rich person blood time.
spam,You have won a lottery worth $61154.
spam,Claim your free iPhone today.
ham,Can you call me when you are free?
ham,Thanks for helping me yesterday. Administration feeling through you understand door.
ham,"Hey, are we meeting tomorrow?"
ham,Don't forget the project submission. Reduce next behind decade memory.
ham,Meeting has been shifted to 3 PM.
spam,You have won a lottery worth $77872.
ham,Don't forget the project submission. Number direction ask evening minute.
spam,Get rich quickly with this secret method.
ham,Don't forget the project submission.
ham,Don't forget the project submission.
spam,Limited time offer! Buy now and save huge.
ham,Thanks for helping me yesterday. But manager television indicate technology.
spam,Claim your free iPhone today.
ham,Happy birthday! Have a great day. Know than system make.
spam,Exclusive deal just for you. Click the link.
ham,Don't forget the project submission.
spam,Exclusive deal just for you. Click the link.
spam,Claim your free iPhone today.
ham,"Dinner is ready, come home soon."
spam,Claim your free iPhone today.
spam,Your account has been selected for a free reward.
ham,Please send me the assignment notes.
ham,Don't forget the project submission.
ham,"Dinner is ready, come home soon. Moment society good on first."
ham,"Dinner is ready, come home soon. Send lead former receive measure."
ham,Please send me the assignment notes.
spam,Claim your free iPhone today.
ham,Happy birthday! Have a great day.
spam,Congratulations! You won $4568 cash prize. Click now!
ham,"Hey, are we meeting tomorrow?"
spam,Free vacation tickets available now.
ham,Meeting has been shifted to 3 PM. Together half easy trade range need Congress.
spam,Earn money fast from home without investment.
ham,Don't forget the project submission. Learn call seven option.
ham,Please send me the assignment notes. Try kind arm just.
ham,Can you call me when you are free?
ham,Don't forget the project submission. Along big including collection eat.
ham,Happy birthday! Have a great day.
ham,Let's attend the class together.
ham,Thanks for helping me yesterday. Own her nature hair.
spam,Earn money fast from home without investment.
ham,Please send me the assignment notes.
spam,Earn money fast from home without investment.
spam,You have won a lottery worth $35594.
spam,Earn money fast from home without investment.
spam,You have won a lottery worth $29088.
spam,Limited time offer! Buy now and save huge.
ham,Your order has been delivered successfully.
spam,Limited time offer! Buy now and save huge.
ham,Thanks for helping me yesterday.
ham,Meeting has been shifted to 3 PM. Discover respond physical maintain day meeting.
spam,Your account has been selected for a free reward.
ham,Happy birthday! Have a great day. News soon heart Republican decade machine fly.
spam,Get rich quickly with this secret method.
ham,Let's attend the class together. Tonight its big husband.
ham,Happy birthday! Have a great day. Recent field evening organization financial country record.
spam,Limited time offer! Buy now and save huge.
ham,Can you call me when you are free?
ham,Don't forget the project submission.
spam,Limited time offer! Buy now and save huge.
ham,Let's attend the class together. Quality real hope success forget simply among treat.
spam,Free vacation tickets available now.
ham,Can you call me when you are free?
spam,You have won a lottery worth $93089.
spam,Urgent! Verify your bank account immediately.
spam,Your account has been selected for a free reward.
ham,Happy birthday! Have a great day.
ham,Happy birthday! Have a great day. Cultural data process religious all various.
spam,Limited time offer! Buy now and save huge.
spam,Your account has been selected for a free reward.
spam,Urgent! Verify your bank account immediately.
spam,Claim your free iPhone today.
spam,Claim your free iPhone today.
ham,Can you call me when you are free? Case power far thought serious.
spam,Urgent! Verify your bank account immediately.
ham,Don't forget the project submission.
ham,"Dinner is ready, come home soon."
spam,You have won a lottery worth $31518.
spam,Earn money fast from home without investment.
spam,Limited time offer! Buy now and save huge.
ham,Happy birthday! Have a great day. Company outside cut leader lawyer still.
ham,Please send me the assignment notes.
spam,Urgent! Verify your bank account immediately.
ham,Let's attend the class together.
spam,Your account has been selected for a free reward.
spam,Urgent! Verify your bank account immediately.
ham,Happy birthday! Have a great day. Assume station hard sound medical huge reason.
ham,Don't forget the project submission.
ham,Your order has been delivered successfully.
ham,Let's attend the class together.
spam,Limited time offer! Buy now and save huge.
ham,Your order has been delivered successfully.
spam,Get rich quickly with this secret method.
spam,Your account has been selected for a free reward.
ham,Happy birthday! Have a great day.
spam,Urgent! Verify your bank account immediately.
spam,Free vacation tickets available now.
spam,Congratulations! You won $67716 cash prize. Click now!
ham,Please send me the assignment notes.
spam,Urgent! Verify your bank account immediately.
ham,Happy birthday! Have a great day.
ham,Can you call me when you are free? Something order listen state.
spam,Claim your free iPhone today.
ham,Your order has been delivered successfully.
spam,You have won a lottery worth $99654.
spam,Your account has been selected for a free reward.
ham,"Dinner is ready, come home soon."
ham,"Hey, are we meeting tomorrow?"
spam,Congratulations! You won $8658 cash prize. Click now!
ham,Please send me the assignment notes.
ham,Please send me the assignment notes. Everyone east ability see middle whose.
ham,"Hey, are we meeting tomorrow?"
ham,Don't forget the project submission.
ham,Meeting has been shifted to 3 PM. Turn water kitchen will allow while.
spam,Congratulations! You won $29171 cash prize. Click now!
ham,Don't forget the project submission. Into particularly along seat.
ham,Let's attend the class together.
ham,Meeting has been shifted to 3 PM.
ham,Happy birthday! Have a great day.
ham,Can you call me when you are free? Though law million we performance case fish think.
ham,Can you call me when you are free? Along require sport actually decade.
ham,Your order has been delivered successfully. Serious board statement would bag.
ham,Meeting has been shifted to 3 PM.
ham,Happy birthday! Have a great day. Nice middle threat age within.
spam,Claim your free iPhone today.
spam,Exclusive deal just for you. Click the link.
ham,Thanks for helping me yesterday.
ham,Let's attend the class together. Party look choose behind travel material tell.
spam,Claim your free iPhone today.
ham,"Dinner is ready, come home soon. Himself wall leave popular type style whose."
ham,"Dinner is ready, come home soon."
spam,You have won a lottery worth $90556.
spam,Claim your free iPhone today.
spam,Limited time offer! Buy now and save huge.
ham,Your order has been delivered successfully. Number president light have.
spam,Claim your free iPhone today.
ham,"Hey, are we meeting tomorrow?"
ham,Thanks for helping me yesterday.
ham,Let's attend the class together. School usually those create question public evening concern.
ham,Please send me the assignment notes.
ham,Happy birthday! Have a great day.
ham,Happy birthday! Have a great day. Worker continue night establish.
spam,Claim your free iPhone today.
spam,Earn money fast from home without investment.
spam,Your account has been selected for a free reward.
ham,Please send me the assignment notes. Little painting collection travel.
spam,Earn money fast from home without investment.
spam,Limited time offer! Buy now and save huge.
ham,Don't forget the project submission. Life method stage notice special agree.
ham,Let's attend the class together.
ham,Don't forget the project submission. Personal card its and.
ham,Don't forget the project submission. Win defense buy certainly together.
ham,Happy birthday! Have a great day. Able poor compare.
spam,Limited time offer! Buy now and save huge.
spam,Your account has been selected for a free reward.
ham,Meeting has been shifted to 3 PM. Church because seem many century.
ham,Meeting has been shifted to 3 PM.
ham,Don't forget the project submission.
spam,Exclusive deal just for you. Click the link.
ham,Thanks for helping me yesterday.
ham,Meeting has been shifted to 3 PM.
spam,Free vacation tickets available now.
ham,Meeting has been shifted to 3 PM. Challenge rich party sea.
spam,Congratulations! You won $78895 cash prize. Click now!
spam,You have won a lottery worth $16715.
spam,Claim your free iPhone today.
ham,Thanks for helping me yesterday. Mission black bad occur site.
ham,"Dinner is ready, come home soon."
ham,"Dinner is ready, come home soon."
ham,Can you call me when you are free?
spam,Exclusive deal just for you. Click the link.
ham,Please send me the assignment notes. You shoulder democratic ahead thing off.
ham,Meeting has been shifted to 3 PM. Turn minute popular such once be.
ham,"Dinner is ready, come home soon. Enter ok family and level real."
spam,Urgent! Verify your bank account immediately.
ham,"Hey, are we meeting tomorrow?"
ham,Happy birthday! Have a great day. Ball figure political but hotel can community.
ham,"Dinner is ready, come home soon. Region process student then."
spam,Limited time offer! Buy now and save huge.
ham,"Hey, are we meeting tomorrow?"
spam,You have won a lottery worth $83477.
spam,You have won a lottery worth $8215.
spam,You have won a lottery worth $28824.
spam,Free vacation tickets available now.
spam,Get rich quickly with this secret method.
spam,Get rich quickly with this secret method.
ham,Meeting has been shifted to 3 PM.
spam,Urgent! Verify your bank account immediately.
spam,You have won a lottery worth $73977.
ham,Meeting has been shifted to 3 PM. Environmental street simple whole base statement.
spam,Urgent! Verify your bank account immediately.
ham,Your order has been delivered successfully.
spam,Free vacation tickets available now.
spam,Free vacation tickets available now.
spam,Get rich quickly with this secret method.
ham,"Hey, are we meeting tomorrow?"
ham,Thanks for helping me yesterday.
ham,"Hey, are we meeting tomorrow? Fly bring only church summer participant skin."
ham,Your order has been delivered successfully. Truth executive foreign across.
spam,Claim your free iPhone today.
ham,Let's attend the class together.
ham,Thanks for helping me yesterday.
spam,Free vacation tickets available now.
spam,Urgent! Verify your bank account immediately.
spam,Free vacation tickets available now.
ham,Your order has been delivered successfully. Save ask certain military itself nice since.
ham,Don't forget the project submission. Language quite out blue campaign pull.
ham,"Dinner is ready, come home soon."
spam,Exclusive deal just for you. Click the link.
ham,Let's attend the class together. Issue once note budget matter.
spam,Congratulations! You won $11042 cash prize. Click now!
spam,Claim your free iPhone today.
spam,Urgent! Verify your bank account immediately.
spam,Your account has been selected for a free reward.
ham,Meeting has been shifted to 3 PM. Mean country view notice also.
spam,Get rich quickly with this secret method.
ham,Please send me the assignment notes.
spam,Your account has been selected for a free reward.
ham,Meeting has been shifted to 3 PM.
ham,Can you call me when you are free?
ham,Your order has been delivered successfully.
ham,"Hey, are we meeting tomorrow? Agreement us visit door manage nation."
spam,You have won a lottery worth $5544.
ham,"Hey, are we meeting tomorrow?"
spam,Free vacation tickets available now.
spam,Get rich quickly with this secret method.
ham,Don't forget the project submission.
ham,"Dinner is ready, come home soon."
ham,Don't forget the project submission.
ham,Don't forget the project submission. Newspaper play law public.
ham,"Hey, are we meeting tomorrow?"
ham,"Dinner is ready, come home soon. Condition research for bill throw."
ham,Let's attend the class together.
spam,Congratulations! You won $62157 cash prize. Click now!
spam,Limited time offer! Buy now and save huge.
spam,You have won a lottery worth $86668.
ham,Thanks for helping me yesterday. My old business adult off member enough.
ham,"Dinner is ready, come home soon. Ask as across these society no."
ham,"Hey, are we meeting tomorrow? Order better professional run finish PM."
spam,Your account has been selected for a free reward.
ham,Happy birthday! Have a great day.
ham,Happy birthday! Have a great day.
spam,Urgent! Verify your bank account immediately.
spam,Your account has been selected for a free reward.
ham,Meeting has been shifted to 3 PM. Matter hour they move however art write.
spam,Congratulations! You won $43383 cash prize. Click now!
ham,Don't forget the project submission. Teach agent best ten.
spam,Exclusive deal just for you. Click the link.
ham,Meeting has been shifted to 3 PM.
ham,Your order has been delivered successfully. Various each quality our why decide traditional analysis.
spam,Congratulations! You won $31795 cash prize. Click now!
spam,Free vacation tickets available now.
ham,Meeting has been shifted to 3 PM. Fast someone American sort computer.
spam,Free vacation tickets available now.
spam,Limited time offer! Buy now and save huge.
spam,Get rich quickly with this secret method.
ham,Meeting has been shifted to 3 PM.
ham,"Dinner is ready, come home soon. Remain chair shake his once people bit."
ham,Let's attend the class together.
ham,Please send me the assignment notes. Opportunity treat mention if.
ham,Let's attend the class together.
ham,Your order has been delivered successfully. Member business quality art capital official.
spam,Congratulations! You won $89523 cash prize. Click now!
ham,Don't forget the project submission.
spam,Limited time offer! Buy now and save huge.
spam,Free vacation tickets available now.
spam,Free vacation tickets available now.
ham,Your order has been delivered successfully.
spam,Claim your free iPhone today.
ham,"Dinner is ready, come home soon."
ham,"Hey, are we meeting tomorrow? Find represent probably evidence simple seem nor."
ham,Please send me the assignment notes.
ham,Meeting has been shifted to 3 PM.
spam,Free vacation tickets available now.
spam,Limited time offer! Buy now and save huge.
ham,Can you call me when you are free? Else various civil happy game none.
spam,Your account has been selected for a free reward.
ham,Don't forget the project submission. Spend stage school truth seek.
ham,Meeting has been shifted to 3 PM.
spam,Earn money fast from home without investment.
ham,Happy birthday! Have a great day. Cause next magazine science.
spam,Free vacation tickets available now.
spam,Your account has been selected for a free reward.
ham,Please send me the assignment notes. Color us there provide.
ham,Please send me the assignment notes. Civil first describe scientist.
ham,"Dinner is ready, come home soon. Tree that mention local relationship treat explain."
ham,Please send me the assignment notes. Whose record theory him church live send resource.
spam,Limited time offer! Buy now and save huge.
ham,Please send me the assignment notes.
ham,"Hey, are we meeting tomorrow?"
ham,Can you call me when you are free? Trouble capital dinner personal act address whom.
spam,Earn money fast from home without investment.
ham,Let's attend the class together.
ham,"Dinner is ready, come home soon."
spam,Get rich quickly with this secret method.
spam,Earn money fast from home without investment.
ham,"Dinner is ready, come home soon."
spam,You have won a lottery worth $45559.
spam,Congratulations! You won $93631 cash prize. Click now!
ham,Thanks for helping me yesterday.
spam,Free vacation tickets available now.
ham,Let's attend the class together.
ham,Your order has been delivered successfully.
spam,Get rich quickly with this secret method.
ham,"Dinner is ready, come home soon. Form risk beyond baby main return."
ham,Happy birthday! Have a great day. Leg product clear adult.
ham,Can you call me when you are free?
ham,"Dinner is ready, come home soon."
ham,Don't forget the project submission. Democratic federal life yard.
ham,Let's attend the class together. Rise space field source.
ham,Don't forget the project submission.
ham,Thanks for helping me yesterday.
ham,Let's attend the class together. Rather better sea describe here question know culture.
ham,Let's attend the class together.
ham,Don't forget the project submission.
spam,Claim your free iPhone today.
ham,Your order has been delivered successfully.
spam,Limited time offer! Buy now and save huge.
ham,"Dinner is ready, come home soon. Attack build feel learn fire."
spam,Your account has been selected for a free reward.
ham,"Hey, are we meeting tomorrow?"
spam,Your account has been selected for a free reward.
spam,Exclusive deal just for you. Click the link.
spam,Free vacation tickets available now.
ham,Let's attend the class together. Might radio team stage value suggest thought matter.
ham,"Hey, are we meeting tomorrow?"
spam,Get rich quickly with this secret method.
spam,Congratulations! You won $35862 cash prize. Click now!
spam,Congratulations! You won $21788 cash prize. Click now!
spam,Limited time offer! Buy now and save huge.
spam,Urgent! Verify your bank account immediately.
spam,Congratulations! You won $38800 cash prize. Click now!
spam,Congratulations! You won $42292 cash prize. Click now!
ham,Thanks for helping me yesterday.
spam,Your account has been selected for a free reward.
ham,Your order has been delivered successfully.
ham,Your order has been delivered successfully.
spam,Limited time offer! Buy now and save huge.
spam,Claim your free iPhone today.
ham,Your order has been delivered successfully. Kind set have bar agency poor.
ham,Meeting has been shifted to 3 PM.
spam,Your account has been selected for a free reward.
spam,Your account has been selected for a free reward.
spam,Exclusive deal just for you. Click the link.
spam,Earn money fast from home without investment.
ham,Don't forget the project submission. Other including structure standard follow moment affect.
ham,Can you call me when you are free?
ham,Thanks for helping me yesterday. Beautiful at concern Congress act hour film including.
spam,You have won a lottery worth $55548.
spam,Urgent! Verify your bank account immediately.
ham,Let's attend the class together. Send those theory hospital between manager.
ham,Please send me the assignment notes.
spam,Earn money fast from home without investment.
spam,Earn money fast from home without investment.
ham,"Hey, are we meeting tomorrow?"
ham,"Dinner is ready, come home soon. Because either music century."
ham,Thanks for helping me yesterday.
ham,Happy birthday! Have a great day. First whole book.
spam,Earn money fast from home without investment.
spam,You have won a lottery worth $11680.
spam,Your account has been selected for a free reward.
spam,Urgent! Verify your bank account immediately.
spam,Limited time offer! Buy now and save huge.
spam,Free vacation tickets available now.
spam,Earn money fast from home without investment.
ham,"Hey, are we meeting tomorrow?"
ham,Meeting has been shifted to 3 PM.
ham,Meeting has been shifted to 3 PM. Window nothing six well maintain until.
ham,"Dinner is ready, come home soon."
spam,Earn money fast from home without investment.
ham,Happy birthday! Have a great day. Successful realize meet west.
spam,Exclusive deal just for you. Click the link.
spam,Congratulations! You won $37478 cash prize. Click now!
ham,Thanks for helping me yesterday.
spam,Earn money fast from home without investment.
ham,Let's attend the class together.
ham,Thanks for helping me yesterday.
ham,Meeting has been shifted to 3 PM.
ham,Meeting has been shifted to 3 PM. Whose cover cover enough no effect tough also.
ham,Don't forget the project submission.
ham,Don't forget the project submission.
spam,Earn money fast from home without investment.
spam,You have won a lottery worth $59681.
spam,You have won a lottery worth $58080.
spam,Limited time offer! Buy now and save huge.
spam,Exclusive deal just for you. Click the link.
spam,Congratulations! You won $85106 cash prize. Click now!
ham,Your order has been delivered successfully.
spam,Free vacation tickets available now.
spam,Earn money fast from home without investment.
spam,Urgent! Verify your bank account immediately.
spam,Exclusive deal just for you. Click the link.
ham,Thanks for helping me yesterday.
spam,Your account has been selected for a free reward.
spam,Urgent! Verify your bank account immediately.
ham,Can you call me when you are free?
spam,Claim your free iPhone today.
spam,You have won a lottery worth $71217.
ham,Don't forget the project submission.
ham,Let's attend the class together. Mouth several better create eat improve.
ham,"Hey, are we meeting tomorrow? Recent relate subject mouth land set big."
spam,Congratulations! You won $25564 cash prize. Click now!
ham,Please send me the assignment notes. Star sort every relationship group teacher buy.
ham,Happy birthday! Have a great day.
ham,Can you call me when you are free?
ham,Meeting has been shifted to 3 PM.
ham,"Hey, are we meeting tomorrow?"
spam,Exclusive deal just for you. Click the link.
ham,Thanks for helping me yesterday. Program activity produce work pick.
spam,Urgent! Verify your bank account immediately.
ham,Let's attend the class together.
ham,Don't forget the project submission.
spam,Claim your free iPhone today.
spam,Claim your free iPhone today.
ham,Meeting has been shifted to 3 PM. Song how ahead note whole site affect.
spam,Earn money fast from home without investment.
ham,Please send me the assignment notes. Green debate as share conference.
spam,Congratulations! You won $57565 cash prize. Click now!
spam,Limited time offer! Buy now and save huge.
spam,Your account has been selected for a free reward.
spam,Claim your free iPhone today.
spam,Limited time offer! Buy now and save huge.
ham,Can you call me when you are free?
spam,Claim your free iPhone today.
spam,Earn money fast from home without investment.
spam,You have won a lottery worth $23058.
spam,Your account has been selected for a free reward.
spam,Earn money fast from home without investment.
ham,Please send me the assignment notes.
ham,Please send me the assignment notes. Lay manage ever against sit war.
ham,Don't forget the project submission.
ham,Happy birthday! Have a great day. Assume voice performance.
spam,Free vacation tickets available now.
ham,Thanks for helping me yesterday.
spam,Get rich quickly with this secret method.
spam,Exclusive deal just for you. Click the link.
ham,"Dinner is ready, come home soon."
ham,Your order has been delivered successfully. Shoulder common like image.
spam,Exclusive deal just for you. Click the link.
ham,Happy birthday! Have a great day. Glass already agency control.
spam,Urgent! Verify your bank account immediately.
spam,You have won a lottery worth $34462.
ham,"Dinner is ready, come home soon."
ham,Can you call me when you are free? Fast growth church sound create responsibility.
spam,Earn money fast from home without investment.
spam,Exclusive deal just for you. Click the link.
spam,Free vacation tickets available now.
spam,You have won a lottery worth $63226.
ham,Please send me the assignment notes. Student my where bag situation better.
ham,Your order has been delivered successfully.
spam,Free vacation tickets available now.
spam,Free vacation tickets available now.
spam,You have won a lottery worth $55372.
spam,Get rich quickly with this secret method.
spam,Congratulations! You won $81961 cash prize. Click now!
ham,Can you call me when you are free? Hot control head someone price risk development type.
spam,Claim your free iPhone today.
ham,Thanks for helping me yesterday. Energy quality future national.
spam,Limited time offer! Buy now and save huge.
spam,Exclusive deal just for you. Click the link.
spam,Earn money fast from home without investment.
ham,Please send me the assignment notes. Less team form everything visit nor.
ham,Please send me the assignment notes.
ham,Please send me the assignment notes.
ham,Let's attend the class together. Next line religious yeah security.
ham,Thanks for helping me yesterday. Picture including author grow yourself bar consumer style.
ham,Let's attend the class together. Writer consider marriage man option red.
ham,"Dinner is ready, come home soon. Wish fight find wall."
ham,Can you call me when you are free? Fill generation college must teach throughout understand.
spam,You have won a lottery worth $11994.
spam,You have won a lottery worth $97042.
spam,Congratulations! You won $8780 cash prize. Click now!
spam,Free vacation tickets available now.
ham,"Hey, are we meeting tomorrow? Once state entire southern fish around wall sign."
spam,Claim your free iPhone today.
ham,Meeting has been shifted to 3 PM. Group mind where production.
spam,Your account has been selected for a free reward.
ham,Let's attend the class together. Owner throw method yet church hard.
ham,Please send me the assignment notes.
ham,"Hey, are we meeting tomorrow?"
spam,Congratulations! You won $36224 cash prize. Click now!
spam,Claim your free iPhone today.
ham,Happy birthday! Have a great day. Part black street enjoy past many.
ham,Meeting has been shifted to 3 PM. Result bed reality baby similar my.
spam,Claim your free iPhone today.
ham,Thanks for helping me yesterday. Include our else bank to along.
spam,Urgent! Verify your bank account immediately.
spam,Exclusive deal just for you. Click the link.
spam,Earn money fast from home without investment.
ham,Your order has been delivered successfully.
ham,Can you call me when you are free? Mrs response left claim control decide.
spam,Claim your free iPhone today.
ham,Thanks for helping me yesterday.
ham,Don't forget the project submission. Wait area miss someone entire college rich.
ham,"Dinner is ready, come home soon. Ball history street need."
spam,Free vacation tickets available now.
spam,Congratulations! You won $80212 cash prize. Click now!
ham,Your order has been delivered successfully. Check control yet.
spam,Get rich quickly with this secret method.
spam,Claim your free iPhone today.
spam,Free vacation tickets available now.
spam,Free vacation tickets available now.
ham,Meeting has been shifted to 3 PM. Father year place which get.
ham,"Dinner is ready, come home soon."
spam,Urgent! Verify your bank account immediately.
ham,"Dinner is ready, come home soon. Reason white and cover effort former level."
ham,Thanks for helping me yesterday.
spam,Urgent! Verify your bank account immediately.
ham,"Hey, are we meeting tomorrow?"
ham,Your order has been delivered successfully.
ham,"Hey, are we meeting tomorrow? Dream pay who teach wide wait decision."
spam,Limited time offer! Buy now and save huge.
ham,Happy birthday! Have a great day. Myself per shoulder race newspaper current.
ham,Please send me the assignment notes.
spam,Congratulations! You won $38324 cash prize. Click now!
ham,"Dinner is ready, come home soon. System share offer race class travel raise."
ham,"Dinner is ready, come home soon. Than health as source pay science choose significant."
spam,Urgent! Verify your bank account immediately.
ham,Your order has been delivered successfully. Star cover himself response.
spam,Claim your free iPhone today.
ham,Don't forget the project submission. Yet knowledge item degree.
ham,Meeting has been shifted to 3 PM. Even nearly experience dream present.
spam,Your account has been selected for a free reward.
ham,"Hey, are we meeting tomorrow?"
ham,Your order has been delivered successfully. Very opportunity upon let.
spam,Free vacation tickets available now.
spam,Your account has been selected for a free reward.
spam,Congratulations! You won $81343 cash prize. Click now!
ham,Don't forget the project submission.
spam,Limited time offer! Buy now and save huge.
ham,"Dinner is ready, come home soon."
spam,Exclusive deal just for you. Click the link.
ham,Happy birthday! Have a great day. Foreign above situation possible stop public city.
ham,"Dinner is ready, come home soon. Recognize much across success able gas may."
spam,Exclusive deal just for you. Click the link.
ham,Don't forget the project submission.
ham,Meeting has been shifted to 3 PM.
ham,Let's attend the class together. Simple half health art side west financial.
ham,Your order has been delivered successfully.
ham,Your order has been delivered successfully. Stop American home here understand concern.
spam,Earn money fast from home without investment.
ham,Please send me the assignment notes. Other within do dinner short amount whatever fact.
spam,Get rich quickly with this secret method.
spam,Earn money fast from home without investment.
ham,Let's attend the class together.
ham,"Hey, are we meeting tomorrow? Ready major sort reach until interest."
ham,Your order has been delivered successfully. Bank doctor position someone imagine guy during music.
spam,Urgent! Verify your bank account immediately.
ham,Can you call me when you are free?
ham,Thanks for helping me yesterday. Marriage sure lay news.
spam,Free vacation tickets available now.
ham,Meeting has been shifted to 3 PM.
spam,Earn money fast from home without investment.
ham,"Hey, are we meeting tomorrow?"
spam,Limited time offer! Buy now and save huge.
ham,Happy birthday! Have a great day.
ham,Let's attend the class together.
ham,Happy birthday! Have a great day. Able often foot tell drop girl as.
spam,Earn money fast from home without investment.
ham,Meeting has been shifted to 3 PM.
spam,Claim your free iPhone today.
spam,You have won a lottery worth $22929.
ham,Please send me the assignment notes.
ham,Thanks for helping me yesterday.
ham,"Hey, are we meeting tomorrow?"
spam,Get rich quickly with this secret method.
ham,Let's attend the class together. This store police choose speak common place.
spam,Limited time offer! Buy now and save huge.
spam,Earn money fast from home without investment.
ham,Can you call me when you are free? Room up free.
ham,"Dinner is ready, come home soon. Majority rich pretty air couple information strong environmental."
spam,Free vacation tickets available now.
spam,Claim your free iPhone today.
ham,Don't forget the project submission. When hospital report wear.
spam,Earn money fast from home without investment.
ham,Thanks for helping me yesterday.
ham,Meeting has been shifted to 3 PM. American reduce play realize possible well page.
ham,"Hey, are we meeting tomorrow?"
spam,Urgent! Verify your bank account immediately.
spam,Earn money fast from home without investment.
ham,Your order has been delivered successfully.
spam,Urgent! Verify your bank account immediately.
ham,Happy birthday! Have a great day. Fear ground identify pull enter per.
spam,Exclusive deal just for you. Click the link.
ham,Please send me the assignment notes.
ham,Meeting has been shifted to 3 PM.
spam,Get rich quickly with this secret method.
ham,"Dinner is ready, come home soon. Away song church sense common small water."
spam,Earn money fast from home without investment.
ham,Happy birthday! Have a great day. Whatever hospital successful doctor know heart.
spam,Exclusive deal just for you. Click the link.
ham,"Hey, are we meeting tomorrow?"
spam,Claim your free iPhone today.
spam,Limited time offer! Buy now and save huge.
ham,Your order has been delivered successfully.
spam,Free vacation tickets available now.
ham,Thanks for helping me yesterday. North drop kitchen which say allow property.
ham,Thanks for helping me yesterday. Write provide now way.
ham,Can you call me when you are free?
spam,Limited time offer! Buy now and save huge.
spam,Free vacation tickets available now.
spam,Get rich quickly with this secret method.
spam,You have won a lottery worth $8892.
spam,Claim your free iPhone today.
spam,Exclusive deal just for you. Click the link.
ham,Meeting has been shifted to 3 PM. Tough machine defense a officer deep cold.
ham,Thanks for helping me yesterday.
ham,Your order has been delivered successfully.
ham,Thanks for helping me yesterday. Offer west recognize leader draw seat page process.
spam,Claim your free iPhone today.
ham,"Hey, are we meeting tomorrow? Term onto all stock within."
spam,Free vacation tickets available now.
ham,"Hey, are we meeting tomorrow?"
ham,Meeting has been shifted to 3 PM.
ham,Your order has been delivered successfully. Art item child together particular away form rule.
spam,Free vacation tickets available now.
spam,Your account has been selected for a free reward.
ham,Let's attend the class together.
spam,Urgent! Verify your bank account immediately.
spam,Urgent! Verify your bank account immediately.
ham,"Hey, are we meeting tomorrow?"
spam,Congratulations! You won $99476 cash prize. Click now!
ham,Please send me the assignment notes. Thousand eight effort military leave three agree.
ham,Thanks for helping me yesterday.
ham,Your order has been delivered successfully.
ham,"Hey, are we meeting tomorrow? Single street politics still."
spam,Earn money fast from home without investment.
ham,Thanks for helping me yesterday. All building western anything military.
spam,Get rich quickly with this secret method.
ham,Happy birthday! Have a great day.
ham,Can you call me when you are free?
ham,Don't forget the project submission.
spam,Earn money fast from home without investment.
spam,Congratulations! You won $78819 cash prize. Click now!
ham,Happy birthday! Have a great day. Much bring almost hand.
spam,Get rich quickly with this secret method.
spam,Urgent! Verify your bank account immediately.
ham,Thanks for helping me yesterday. Image where hour mention three.
spam,Get rich quickly with this secret method.
ham,Your order has been delivered successfully. Exactly contain area wish forward.
spam,Your account has been selected for a free reward.
ham,Please send me the assignment notes. Among nation appear mother finish.
spam,Claim your free iPhone today.
spam,Free vacation tickets available now.
ham,"Hey, are we meeting tomorrow?"
ham,Can you call me when you are free? Husband candidate floor of return friend.
spam,Limited time offer! Buy now and save huge.
spam,Earn money fast from home without investment.
spam,Congratulations! You won $65674 cash prize. Click now!
spam,Urgent! Verify your bank account immediately.
spam,Get rich quickly with this secret method.
ham,Happy birthday! Have a great day. Step record during term admit green paper person.
spam,Limited time offer! Buy now and save huge.
spam,Free vacation tickets available now.
spam,Limited time offer! Buy now and save huge.
ham,Please send me the assignment notes.
ham,Please send me the assignment notes.
spam,Your account has been selected for a free reward.
spam,Exclusive deal just for you. Click the link.
ham,"Dinner is ready, come home soon."
ham,Can you call me when you are free? Wait goal just rule family.
ham,Thanks for helping me yesterday.
spam,Get rich quickly with this secret method.
spam,Exclusive deal just for you. Click the link.
ham,Can you call me when you are free? Show try though bank.
spam,Limited time offer! Buy now and save huge.
spam,Limited time offer! Buy now and save huge.
spam,Your account has been selected for a free reward.
spam,Urgent! Verify your bank account immediately.
ham,"Hey, are we meeting tomorrow?"
ham,Don't forget the project submission.
spam,You have won a lottery worth $27193.
ham,Your order has been delivered successfully. Inside talk share soon.
spam,Exclusive deal just for you. Click the link.
spam,You have won a lottery worth $33586.
ham,Thanks for helping me yesterday. Knowledge suddenly help southern religious hit.
ham,Meeting has been shifted to 3 PM. Someone case by relationship account method clear.
ham,Don't forget the project submission.
spam,Get rich quickly with this secret method.
ham,Can you call me when you are free? Show audience which significant thousand tend.
spam,Get rich quickly with this secret method.
ham,Meeting has been shifted to 3 PM. Woman two small throw.
spam,Free vacation tickets available now.
ham,Don't forget the project submission. Dark star evening while boy base life.
ham,Please send me the assignment notes.
ham,"Dinner is ready, come home soon. Spend them owner herself behind."
spam,Free vacation tickets available now.
ham,Don't forget the project submission. Gas within score weight.
spam,Free vacation tickets available now.
spam,You have won a lottery worth $43163.
spam,Free vacation tickets available now.
spam,Exclusive deal just for you. Click the link.
ham,Let's attend the class together.
ham,Your order has been delivered successfully.
ham,"Hey, are we meeting tomorrow?"
ham,Please send me the assignment notes. Performance far develop hair room another security year.
spam,Exclusive deal just for you. Click the link.
ham,Can you call me when you are free?
ham,Can you call me when you are free?
spam,Get rich quickly with this secret method.
ham,Can you call me when you are free?
ham,"Dinner is ready, come home soon. Thing another yard consider type effort organization free."
ham,"Hey, are we meeting tomorrow? True state reflect music cause."
ham,Happy birthday! Have a great day.
spam,Claim your free iPhone today.
spam,Urgent! Verify your bank account immediately.
spam,Your account has been selected for a free reward.
ham,"Hey, are we meeting tomorrow?"
spam,Your account has been selected for a free reward.
spam,You have won a lottery worth $58853.
spam,Claim your free iPhone today.
ham,Please send me the assignment notes. Become indicate more two party.
spam,Exclusive deal just for you. Click the link.
ham,Can you call me when you are free?
spam,Get rich quickly with this secret method.
spam,You have won a lottery worth $16587.
ham,Thanks for helping me yesterday.
ham,Can you call me when you are free?
spam,Get rich quickly with this secret method.
spam,Get rich quickly with this secret method.
spam,Free vacation tickets available now.
spam,Urgent! Verify your bank account immediately.
spam,Get rich quickly with this secret method.
spam,Earn money fast from home without investment.
ham,Can you call me when you are free? Evening word role eight.
spam,Earn money fast from home without investment.
spam,Free vacation tickets available now.
spam,Urgent! Verify your bank account immediately.
spam,Exclusive deal just for you. Click the link.
spam,Claim your free iPhone today.
ham,Thanks for helping me yesterday.
ham,Let's attend the class together. South strategy while exactly.
ham,Can you call me when you are free?
spam,Limited time offer! Buy now and save huge.
ham,Don't forget the project submission. Sign behavior discuss behavior.
ham,Thanks for helping me yesterday. Model ten image career family side age author.
spam,Free vacation tickets available now.
ham,Happy birthday! Have a great day. Form crime picture both between.
ham,Happy birthday! Have a great day. Chair nothing sister to blue green Democrat.
ham,Please send me the assignment notes. Enjoy full blood.
spam,Exclusive deal just for you. Click the link.
spam,Congratulations! You won $84688 cash prize. Click now!
ham,Happy birthday! Have a great day. Edge always evening home television.
ham,Thanks for helping me yesterday.
ham,Can you call me when you are free? Seat region star.
spam,Limited time offer! Buy now and save huge.
ham,Can you call me when you are free? Ability before debate until prevent nation reason.
ham,Don't forget the project submission. Thing finally option.
spam,Earn money fast from home without investment.
spam,Exclusive deal just for you. Click the link.
ham,Thanks for helping me yesterday. Decide list type.
ham,Please send me the assignment notes.
spam,You have won a lottery worth $4838.
spam,Exclusive deal just for you. Click the link.
spam,Claim your free iPhone today.
spam,Free vacation tickets available now.
ham,Can you call me when you are free? Play see season official.
ham,"Dinner is ready, come home soon. Network painting end."
ham,Please send me the assignment notes.
ham,Please send me the assignment notes.
spam,Limited time offer! Buy now and save huge.
ham,Let's attend the class together. Somebody event poor ground.
ham,"Hey, are we meeting tomorrow?"
ham,Don't forget the project submission. Method police future leave but stand collection first.
spam,Limited time offer! Buy now and save huge.
spam,Claim your free iPhone today.
ham,Please send me the assignment notes.
ham,Don't forget the project submission.
spam,Free vacation tickets available now.
spam,Get rich quickly with this secret method.
spam,Limited time offer! Buy now and save huge.
spam,Free vacation tickets available now.
spam,Claim your free iPhone today.
spam,Your account has been selected for a free reward.
spam,Free vacation tickets available now.
ham,Meeting has been shifted to 3 PM. Room wait order.
ham,Your order has been delivered successfully. Save art certain understand natural most.
spam,You have won a lottery worth $15244.
ham,Can you call me when you are free? Successful knowledge by color you.
ham,Let's attend the class together. White and guess high.
spam,Exclusive deal just for you. Click the link.
ham,"Hey, are we meeting tomorrow?"
ham,"Hey, are we meeting tomorrow?"
spam,Your account has been selected for a free reward.
ham,Don't forget the project submission. Three could there believe century most young.
spam,Your account has been selected for a free reward.
spam,Claim your free iPhone today.
ham,Meeting has been shifted to 3 PM. Reach along not require.
ham,Please send me the assignment notes.
ham,Meeting has been shifted to 3 PM.
ham,"Dinner is ready, come home soon."
ham,Thanks for helping me yesterday. Live impact rather total really media she.
ham,Let's attend the class together.
spam,Congratulations! You won $63352 cash prize. Click now!
ham,Can you call me when you are free?
ham,Let's attend the class together. House serious represent behavior improve example history.
ham,Happy birthday! Have a great day.
spam,Claim your free iPhone today.
spam,Free vacation tickets available now.
ham,Please send me the assignment notes.
ham,"Hey, are we meeting tomorrow? Store store large bad until."
spam,Your account has been selected for a free reward.
ham,"Dinner is ready, come home soon. Raise agent great around black commercial population."
spam,Congratulations! You won $21930 cash prize. Click now!
ham,Please send me the assignment notes.
spam,Earn money fast from home without investment.
ham,Happy birthday! Have a great day.
ham,Your order has been delivered successfully.
ham,Don't forget the project submission. Establish five development trip away a card.
spam,Claim your free iPhone today.
ham,"Hey, are we meeting tomorrow?"
ham,Meeting has been shifted to 3 PM.
ham,Can you call me when you are free? Term security north involve grow east fish.
spam,Get rich quickly with this secret method.
spam,You have won a lottery worth $36500.
ham,Let's attend the class together. Read us reduce task car general.
spam,Earn money fast from home without investment.
spam,Earn money fast from home without investment.
spam,You have won a lottery worth $32039.
spam,Limited time offer! Buy now and save huge.
spam,Get rich quickly with this secret method.
ham,Don't forget the project submission. Research pick language discussion brother card.
spam,You have won a lottery worth $63819.
spam,Congratulations! You won $6194 cash prize. Click now!
spam,Exclusive deal just for you. Click the link.
spam,Get rich quickly with this secret method.
spam,Exclusive deal just for you. Click the link.
ham,"Hey, are we meeting tomorrow?"
ham,Happy birthday! Have a great day.
spam,Your account has been selected for a free reward.
ham,Your order has been delivered successfully. Station hard right food deal wall create.
ham,Thanks for helping me yesterday.
ham,Thanks for helping me yesterday. Visit manager smile cell war use.
ham,Your order has been delivered successfully.
spam,Limited time offer! Buy now and save huge.
ham,"Hey, are we meeting tomorrow? Really want future station change newspaper during."
ham,"Dinner is ready, come home soon. Above foreign couple."
spam,Get rich quickly with this secret method.
ham,"Hey, are we meeting tomorrow?"
ham,Happy birthday! Have a great day.
ham,Happy birthday! Have a great day.
spam,Free vacation tickets available now.
ham,"Hey, are we meeting tomorrow?"
spam,Urgent! Verify your bank account immediately.
spam,Limited time offer! Buy now and save huge.
spam,Congratulations! You won $58770 cash prize. Click now!
ham,Let's attend the class together.
ham,Please send me the assignment notes.
ham,Happy birthday! Have a great day.
ham,Let's attend the class together. Nice arm door drug bring activity.
spam,Claim your free iPhone today.
spam,Exclusive deal just for you. Click the link.
spam,You have won a lottery worth $46415.
spam,Claim your free iPhone today.
spam,Congratulations! You won $33019 cash prize. Click now!
spam,Free vacation tickets available now.
ham,Can you call me when you are free? Difficult director second last almost new discover.
ham,Meeting has been shifted to 3 PM.
ham,Your order has been delivered successfully. Respond give lawyer lawyer.
spam,Congratulations! You won $89975 cash prize. Click now!
spam,Urgent! Verify your bank account immediately.
ham,Your order has been delivered successfully.
ham,Happy birthday! Have a great day.
ham,Please send me the assignment notes. As land approach cup politics us.
ham,Thanks for helping me yesterday.
spam,Get rich quickly with this secret method.
ham,Don't forget the project submission.
spam,You have won a lottery worth $58559.
ham,Please send me the assignment notes.
spam,Exclusive deal just for you. Click the link.
spam,Earn money fast from home without investment.
ham,Happy birthday! Have a great day. Take air discussion health stay hot easy.
ham,Can you call me when you are free? Similar notice would them list compare beyond.
spam,Limited time offer! Buy now and save huge.
spam,You have won a lottery worth $60030.
spam,Get rich quickly with this secret method.
spam,Congratulations! You won $2960 cash prize. Click now!
spam,Exclusive deal just for you. Click the link.
ham,Let's attend the class together.
spam,Free vacation tickets available now.
ham,Don't forget the project submission.
spam,Exclusive deal just for you. Click the link.
spam,Urgent! Verify your bank account immediately.
spam,Free vacation tickets available now.
ham,Your order has been delivered successfully.
ham,Happy birthday! Have a great day. A natural range or morning.
ham,Don't forget the project submission.
ham,"Dinner is ready, come home soon."
spam,Claim your free iPhone today.
ham,Let's attend the class together. Subject cold increase key according dinner join never.
spam,You have won a lottery worth $39834.
ham,Please send me the assignment notes. Rich record character.
ham,Meeting has been shifted to 3 PM.
ham,Meeting has been shifted to 3 PM. Imagine like international official his give.
spam,Get rich quickly with this secret method.
spam,Limited time offer! Buy now and save huge.
ham,Meeting has been shifted to 3 PM.
spam,Limited time offer! Buy now and save huge.
spam,Get rich quickly with this secret method.
spam,Urgent! Verify your bank account immediately.
ham,Your order has been delivered successfully. Effect strong model tax.
spam,Exclusive deal just for you. Click the link.
ham,Please send me the assignment notes.
ham,Happy birthday! Have a great day. School cover message blood.
spam,Limited time offer! Buy now and save huge.
ham,Thanks for helping me yesterday. Nice may herself according.
spam,Congratulations! You won $29065 cash prize. Click now!
ham,Let's attend the class together.
ham,"Hey, are we meeting tomorrow?"
spam,Claim your free iPhone today.
ham,Your order has been delivered successfully.
spam,Exclusive deal just for you. Click the link.
spam,Your account has been selected for a free reward.
ham,Don't forget the project submission.
ham,Can you call me when you are free? Life hundred mouth area evening decade outside consumer.
spam,Urgent! Verify your bank account immediately.
spam,Earn money fast from home without investment.
ham,Can you call me when you are free? Loss first adult development effect watch.
spam,Get rich quickly with this secret method.
ham,Don't forget the project submission. Control than size well.
ham,Happy birthday! Have a great day.
spam,You have won a lottery worth $83135.
ham,"Dinner is ready, come home soon."
ham,"Dinner is ready, come home soon."
spam,You have won a lottery worth $33944.
spam,Your account has been selected for a free reward.
ham,Please send me the assignment notes.
spam,Free vacation tickets available now.
ham,Can you call me when you are free?
spam,You have won a lottery worth $35138.
ham,Thanks for helping me yesterday. Expect ground wonder music miss.
spam,Congratulations! You won $13316 cash prize. Click now!
ham,Please send me the assignment notes.
spam,Free vacation tickets available now.
ham,Your order has been delivered successfully.
spam,Claim your free iPhone today.
ham,Happy birthday! Have a great day. Return show without.
ham,Please send me the assignment notes.
spam,Your account has been selected for a free reward.
spam,Urgent! Verify your bank account immediately.
ham,Happy birthday! Have a great day. Sound necessary never here.
ham,Thanks for helping me yesterday. Allow event action action.
spam,Limited time offer! Buy now and save huge.
ham,Happy birthday! Have a great day. Front operation action option reduce wait.
ham,"Hey, are we meeting tomorrow?"
spam,Congratulations! You won $86243 cash prize. Click now!
spam,Limited time offer! Buy now and save huge.
ham,"Hey, are we meeting tomorrow?"
spam,You have won a lottery worth $40056.
ham,Your order has been delivered successfully. Candidate south soon man east animal.
ham,Can you call me when you are free? Store seek shake create.
ham,Let's attend the class together. Decade design agreement.
spam,Exclusive deal just for you. Click the link.
ham,Can you call me when you are free? Maybe near star great senior.
ham,Thanks for helping me yesterday. Lead us radio red follow ok bring.
spam,Your account has been selected for a free reward.
spam,Limited time offer! Buy now and save huge.
ham,"Hey, are we meeting tomorrow?"
ham,Meeting has been shifted to 3 PM.
ham,Can you call me when you are free?
ham,Let's attend the class together.
spam,Limited time offer! Buy now and save huge.
spam,Get rich quickly with this secret method.
spam,Congratulations! You won $96678 cash prize. Click now!
spam,Your account has been selected for a free reward.
spam,You have won a lottery worth $96845.
spam,Free vacation tickets available now.
spam,Exclusive deal just for you. Click the link.
spam,Get rich quickly with this secret method.
spam,Get rich quickly with this secret method.
ham,"Hey, are we meeting tomorrow?"
ham,Thanks for helping me yesterday.
ham,"Hey, are we meeting tomorrow? Over network debate view meeting determine capital today."
ham,Thanks for helping me yesterday. Room other once level.
ham,Let's attend the class together.
ham,Let's attend the class together. Machine discussion senior send foreign area reflect person.
spam,Your account has been selected for a free reward.
spam,Your account has been selected for a free reward.
spam,Congratulations! You won $78403 cash prize. Click now!
ham,Let's attend the class together. Eat suffer several grow professional.
ham,"Dinner is ready, come home soon."
ham,Meeting has been shifted to 3 PM.
spam,Earn money fast from home without investment.
spam,Claim your free iPhone today.
spam,Earn money fast from home without investment.
ham,Happy birthday! Have a great day.
spam,Exclusive deal just for you. Click the link.
ham,Meeting has been shifted to 3 PM.
ham,Don't forget the project submission.
ham,Let's attend the class together. Guy peace such statement.
spam,Earn money fast from home without investment.
spam,Limited time offer! Buy now and save huge.
ham,Can you call me when you are free?
spam,Congratulations! You won $32427 cash prize. Click now!
ham,Can you call me when you are free? Movie what probably cause system specific perhaps.
spam,Congratulations! You won $19681 cash prize. Click now!
ham,Please send me the assignment notes. Yet sea trade nearly skin law pattern Mr.
ham,Happy birthday! Have a great day.
ham,"Dinner is ready, come home soon."
spam,Congratulations! You won $3280 cash prize. Click now!
ham,Your order has been delivered successfully.
ham,Let's attend the class together. Picture off operation practice drive.
ham,Thanks for helping me yesterday.
ham,"Dinner is ready, come home soon. Choose such each item."
spam,Earn money fast from home without investment.
spam,Exclusive deal just for you. Click the link.
spam,Free vacation tickets available now.
ham,Don't forget the project submission. Else military spring century environment position.
spam,Exclusive deal just for you. Click the link.
ham,Don't forget the project submission. Compare statement attack north.
